id,text,true_label,predicted_binary_label,error_type,prob_valid,prob_hoax,confidence,served_label,abstained,text_source,evidence_source,evidence_url,topic,text_length
turnbackhoax-36648,Tautan Pendaftaran Lowongan Kerja Puskesmas,hoax,hoax,correct,0.009018497542,0.990981519222,0.990981519222,hoax,0,claim,TurnBackHoax / MAFINDO,https://turnbackhoax.id/articles/36648-penipuan-tautan-pendaftaran-lowongan-kerja-puskesmas,lainnya,43
turnbackhoax-36649,Tautan Pendaftaran Tunjangan Lansia 2026,hoax,hoax,correct,0.006311164238,0.993688821793,0.993688821793,hoax,0,claim,TurnBackHoax / MAFINDO,https://turnbackhoax.id/articles/36649-penipuan-tautan-pendaftaran-tunjangan-lansia-2026,lainnya,40
turnbackhoax-36654,Tautan Pendaftaran Bansos Digital,hoax,hoax,correct,0.005049858708,0.994950175285,0.994950175285,hoax,0,claim,TurnBackHoax / MAFINDO,https://turnbackhoax.id/articles/36654-penipuan-tautan-pendaftaran-bansos-digital,bantuan_sosial,33
turnbackhoax-36655,"Dokumentasi “Malaysia Kirim Pesawat, Padamkan Karhutla Sumatra 2026”",hoax,hoax,correct,0.012574868277,0.987425148487,0.987425148487,meragukan,1,claim,TurnBackHoax / MAFINDO,https://turnbackhoax.id/articles/36655-salah-dokumentasi-malaysia-kirim-pesawat-padamkan-karhutla-sumatra-2026,bencana_cuaca,68
turnbackhoax-36672,Lowongan Kerja Cosmos Indonesia,hoax,hoax,correct,0.041993699968,0.958006322384,0.958006322384,meragukan,1,claim,TurnBackHoax / MAFINDO,https://turnbackhoax.id/articles/36672-penipuan-lowongan-kerja-cosmos-indonesia,lainnya,31
turnbackhoax-36680,Kota Malang Sepakat Hentikan MBG,hoax,hoax,correct,0.043753858656,0.956246137619,0.956246137619,meragukan,1,claim,TurnBackHoax / MAFINDO,https://turnbackhoax.id/articles/36680-salah-kota-malang-sepakat-hentikan-mbg,lainnya,32
turnbackhoax-36681,Gibran Sebut Tidak Tahu Kasus Keracunan MBG,hoax,hoax,correct,0.001351414248,0.998648583889,0.998648583889,hoax,0,claim,TurnBackHoax / MAFINDO,https://turnbackhoax.id/articles/36681-salah-gibran-sebut-tidak-tahu-kasus-keracunan-mbg,lainnya,43
turnbackhoax-36682,Toko Harian Dipaksa Tutup karena Dekat dengan Kopdes,hoax,hoax,correct,0.003428052645,0.996571898460,0.996571898460,hoax,0,claim,TurnBackHoax / MAFINDO,https://turnbackhoax.id/articles/36682-salah-toko-harian-dipaksa-tutup-karena-dekat-dengan-kopdes,lainnya,52
turnbackhoax-36520,Bayi di Jepara Meninggal Usai Imunisasi DPT,hoax,hoax,correct,0.003649678081,0.996350288391,0.996350288391,hoax,0,claim,TurnBackHoax / MAFINDO,https://turnbackhoax.id/articles/36520-salah-bayi-di-jepara-meninggal-usai-imunisasi-dpt,teknologi,43
turnbackhoax-36701,Tautan Lowongan Kerja Elabram Systems,hoax,hoax,correct,0.017220992595,0.982779085636,0.982779085636,meragukan,1,claim,TurnBackHoax / MAFINDO,https://turnbackhoax.id/articles/36701-penipuan-tautan-lowongan-kerja-elabram-systems,lainnya,37
turnbackhoax-36706,"Pembangunan IKN Dihentikan Sementara, Dana Dialihkan ke MBG dan Kopdes",hoax,hoax,correct,0.008380943909,0.991618990898,0.991618990898,hoax,0,claim,TurnBackHoax / MAFINDO,https://turnbackhoax.id/articles/36706-salah-pembangunan-ikn-dihentikan-sementara-dana-dialihkan-ke-mbg-dan-kopdes,lainnya,70
turnbackhoax-36590,Erupsi Gunung di Indonesia Berkaitan dengan HAARP,hoax,hoax,correct,0.043586447835,0.956413567066,0.956413567066,meragukan,1,claim,TurnBackHoax / MAFINDO,https://turnbackhoax.id/articles/36590-salah-erupsi-gunung-di-indonesia-berkaitan-dengan-haarp,bencana_cuaca,49
turnbackhoax-36729,Malaysia Laporkan Indonesia ke PBB soal Karhutla,hoax,hoax,correct,0.002462913515,0.997537136078,0.997537136078,hoax,0,claim,TurnBackHoax / MAFINDO,https://turnbackhoax.id/articles/36729-salah-malaysia-laporkan-indonesia-ke-pbb-soal-karhutla,bencana_cuaca,48
turnbackhoax-36730,Ojol Dilarang Beli Pertalite,hoax,hoax,correct,0.015170636587,0.984829366207,0.984829366207,meragukan,1,claim,TurnBackHoax / MAFINDO,https://turnbackhoax.id/articles/36730-salah-ojol-dilarang-beli-pertalite,lainnya,28
turnbackhoax-36731,Tautan Pendaftaran Cek Kesehatan Gratis,hoax,hoax,correct,0.009012031369,0.990987956524,0.990987956524,hoax,0,claim,TurnBackHoax / MAFINDO,https://turnbackhoax.id/articles/36731-penipuan-tautan-pendaftaran-cek-kesehatan-gratis,kesehatan,39
turnbackhoax-36737,Tautan Pendaftaran Program Bantuan Lansia,hoax,hoax,correct,0.006051206496,0.993948817253,0.993948817253,hoax,0,claim,TurnBackHoax / MAFINDO,https://turnbackhoax.id/articles/36737-penipuan-tautan-pendaftaran-program-bantuan-lansia,bantuan_sosial,41
turnbackhoax-36738,Ada Kebijakan Razia Kendaraan dari Rumah ke Rumah,hoax,hoax,correct,0.003415283514,0.996584653854,0.996584653854,hoax,0,claim,TurnBackHoax / MAFINDO,https://turnbackhoax.id/articles/36738-salah-ada-kebijakan-razia-kendaraan-dari-rumah-ke-rumah,keamanan,49
turnbackhoax-36774,Foto Rekrutmen Pegawai Koperasi Merah Putih,hoax,hoax,correct,0.002779426053,0.997220635414,0.997220635414,hoax,0,claim,TurnBackHoax / MAFINDO,https://turnbackhoax.id/articles/36774-penipuan-foto-rekrutmen-pegawai-koperasi-merah-putih,teknologi,43
turnbackhoax-36596,World Bank: Indonesia Negara Berkembang Termiskin di Dunia Tahun 2026,hoax,hoax,correct,0.033009011298,0.966990947723,0.966990947723,meragukan,1,claim,TurnBackHoax / MAFINDO,https://turnbackhoax.id/articles/36596-salah-world-bank-indonesia-negara-berkembang-termiskin-di-dunia-tahun-2026,ekonomi,69
turnbackhoax-36776,Kontak “Pendaftaran Dana Bantuan” dari Menkeu Suahasil Nazara,hoax,hoax,correct,0.004806752317,0.995193243027,0.995193243027,hoax,0,claim,TurnBackHoax / MAFINDO,https://turnbackhoax.id/articles/36776-penipuan-kontak-pendaftaran-dana-bantuan-dari-menkeu-suahasil-nazara,bantuan_sosial,61
cekfakta-36763,Megawati Sebut Dedi Mulyadi Belum Siap Jadi Presiden,hoax,hoax,correct,0.002522679046,0.997477352619,0.997477352619,hoax,0,claim,CekFakta,https://cekfakta.com/focus/36763,politik,52
cekfakta-36700,"Dokumentasi ""Aksi Pembakaran Gudang MBG di NTB""",hoax,hoax,correct,0.030585331842,0.969414710999,0.969414710999,meragukan,1,claim,CekFakta,https://cekfakta.com/focus/36700,teknologi,47
cekfakta-36702,Polri Bakal Razia Pajak Kendaraan ke Rumah Warga Mulai September 2026,hoax,hoax,correct,0.001577859977,0.998422145844,0.998422145844,hoax,0,claim,CekFakta,https://cekfakta.com/focus/36702,teknologi,69
cekfakta-36707,Link Pendaftaran Undian Berhadiah Bank BRI,hoax,hoax,correct,0.002957373857,0.997042596340,0.997042596340,hoax,0,claim,CekFakta,https://cekfakta.com/focus/36707,ekonomi,42
cekfakta-36708,Video Ustaz Abdul Somad Bicara Bantuan Dana Hibah Arab Saudi,hoax,hoax,correct,0.000218257876,0.999781787395,0.999781787395,hoax,0,claim,CekFakta,https://cekfakta.com/focus/36708,bantuan_sosial,60
cekfakta-36765,Prabowo Minta Guru Rahasiakan Keracunan MBG,hoax,hoax,correct,0.001628519618,0.998371541500,0.998371541500,hoax,0,claim,CekFakta,https://cekfakta.com/focus/36765,lainnya,43
cekfakta-36766,Pigai Sebut Penembakan ASN oleh KKB Tidak Melanggar HAM,hoax,hoax,correct,0.000867139490,0.999132931232,0.999132931232,hoax,0,claim,CekFakta,https://cekfakta.com/focus/36766,teknologi,55
cekfakta-36767,Rekaman Video Tenggelamnya KMP Virgo 8 pada 5 September,hoax,hoax,correct,0.000272427453,0.999727547169,0.999727547169,hoax,0,claim,CekFakta,https://cekfakta.com/focus/36767,lainnya,55
cekfakta-36768,Video Penemuan Jurnalis Hilang saat Liput Anak Krakatau,hoax,hoax,correct,0.000285322283,0.999714672565,0.999714672565,hoax,0,claim,CekFakta,https://cekfakta.com/focus/36768,lainnya,55
cekfakta-36727,"Video ""Laut Merak Kering Imbas Erupsi Gunung Anak Krakatau""",hoax,hoax,correct,0.095834016800,0.904165983200,0.904165983200,meragukan,1,claim,CekFakta,https://cekfakta.com/focus/36727,bencana_cuaca,59
cekfakta-36674,Video Menteri P2MI Umumkan Dana Bantuan untuk Pekerja Migran,hoax,hoax,correct,0.000346935092,0.999653100967,0.999653100967,hoax,0,claim,CekFakta,https://cekfakta.com/focus/36674,politik,60
cekfakta-36734,Link Ini untuk Pendaftaran PKH Ibu Hamil 2026,hoax,hoax,correct,0.004142211284,0.995857775211,0.995857775211,hoax,0,claim,CekFakta,https://cekfakta.com/focus/36734,bantuan_sosial,45
cekfakta-36735,Link Pendaftaran Pendamping Lokal Desa Kemendes 2026,hoax,hoax,correct,0.004545800854,0.995454192162,0.995454192162,hoax,0,claim,CekFakta,https://cekfakta.com/focus/36735,lainnya,52
cekfakta-36769,Link Pendaftaran Penyaluran Bansos Beras 30 Kg 2026,hoax,hoax,correct,0.003136130981,0.996863842010,0.996863842010,hoax,0,claim,CekFakta,https://cekfakta.com/focus/36769,bantuan_sosial,51
cekfakta-36770,Video Toko Disuruh Tutup sebab Dekat Kopdes Merah Putih,hoax,hoax,correct,0.000564591843,0.999435365200,0.999435365200,hoax,0,claim,CekFakta,https://cekfakta.com/focus/36770,lainnya,55
cekfakta-36741,Video Menkeu Suahasil Umumkan Program Dana Hibah,hoax,hoax,correct,0.000368801731,0.999631166458,0.999631166458,hoax,0,claim,CekFakta,https://cekfakta.com/focus/36741,lainnya,48
cekfakta-36771,"Video Dapur SPPG di Lombok Tengah, NTB, Dibakar Warga",hoax,hoax,correct,0.000422143115,0.999577820301,0.999577820301,hoax,0,claim,CekFakta,https://cekfakta.com/focus/36771,lainnya,53
cekfakta-36772,Mengonsumsi Undur-Undur Dapat Menyembuhkan Diabetes,hoax,hoax,correct,0.014569380321,0.985430598259,0.985430598259,meragukan,1,claim,CekFakta,https://cekfakta.com/focus/36772,lainnya,51
cekfakta-36773,Artikel Menkeu Suahasil Terlibat Korupsi Rp500 Triliun,hoax,hoax,correct,0.001987409079,0.998012542725,0.998012542725,hoax,0,claim,CekFakta,https://cekfakta.com/focus/36773,politik,54
cekfakta-36777,Artikel Nusron Wahid Sebut Jokowi Terima Uang Suap 700 Miliar,hoax,hoax,correct,0.000932698254,0.999067366123,0.999067366123,hoax,0,claim,CekFakta,https://cekfakta.com/focus/36777,lainnya,61
afp-C3JA6TA,"LGBT Agenda Elite Global,",hoax,hoax,correct,0.061621788889,0.938378274441,0.938378274441,meragukan,1,claim,AFP Fact Check Indonesia,https://periksafakta.afp.com/doc.afp.com.C3JA6TA,kesehatan,25
afp-C3N92ZQ,"Pajak sepeda bakal dipungut, Kemenhub buka wacana untuk bayar pajak.",hoax,hoax,correct,0.002106211614,0.997893869877,0.997893869877,hoax,0,claim,AFP Fact Check Indonesia,https://periksafakta.afp.com/doc.afp.com.C3N92ZQ,teknologi,68
afp-C43B9ZV,"Mulai 2027 Pengguna HP akan dikenakan pajak! Ini kata Bahlil Lahadalia,",hoax,hoax,correct,0.009103819728,0.990896165371,0.990896165371,hoax,0,claim,AFP Fact Check Indonesia,https://periksafakta.afp.com/doc.afp.com.C43B9ZV,teknologi,71
afp-C43D2T4,"Indonesia Meluncurkan Prototipe Vaksin DBD Berbasis Teknologi MRNA yg akan dikontrol A.I (Artificial Intelligence) dan akan merubah DNA ILAHI Hilang Dari Fitrah-NYA serta terputusnya signal spirituality ke Sang Pencipta,",hoax,hoax,correct,0.011794626713,0.988205432892,0.988205432892,meragukan,1,claim,AFP Fact Check Indonesia,https://periksafakta.afp.com/doc.afp.com.C43D2T4,kesehatan,220
afp-C4AR4CR,"Pemerintah berharap warung per toko di pedesaan ditutup, supaya masyarakat desa belanja di koperasi desa,",hoax,hoax,correct,0.110763601959,0.889236390591,0.889236390591,meragukan,1,claim,AFP Fact Check Indonesia,https://periksafakta.afp.com/doc.afp.com.C4AR4CR,politik,105
afp-C46U463,"Sebuah video viral memperlihatkan seorang migran asal Maroko merekam dirinya sendiri menggunakan tongkat selfie saat berenang menuju Ceuta, wilayah kantong Spanyol di Afrika Utara,",hoax,hoax,correct,0.000070997194,0.999928951263,0.999928951263,hoax,0,claim,AFP Fact Check Indonesia,https://periksafakta.afp.com/doc.afp.com.C46U463,teknologi,180
afp-C4YU8NR,"Aksi massa di Sudirman memanas, barikade polisi dijebol di sekitar Tosari,",hoax,hoax,correct,0.044876880944,0.955123186111,0.955123186111,meragukan,1,claim,AFP Fact Check Indonesia,https://periksafakta.afp.com/doc.afp.com.C4YU8NR,bencana_cuaca,74
afp-C63B8NR,"HIV WAJIB ada & ditakuti untuk pasar obat ARV seumur hidup. LGBT dipelihara & diperbanyak untuk pasar obat ARV,",hoax,valid,false_negative,0.790984332561,0.209015637636,0.790984332561,meragukan,1,claim,AFP Fact Check Indonesia,https://periksafakta.afp.com/doc.afp.com.C63B8NR,kesehatan,111
afp-C67B39E,"Tsunami terjang Labuhan Bajo!!! Detik-detik tsunami sempat terjang Labuan Bajo usai Gempa M7,7,",hoax,valid,false_negative,0.837511718273,0.162488237023,0.837511718273,meragukan,1,claim,AFP Fact Check Indonesia,https://periksafakta.afp.com/doc.afp.com.C67B39E,bencana_cuaca,95
afp-C67T6KE,"Tahukah kamu? Begini cara paus biru menyusui anaknya di bawah laut,",hoax,hoax,correct,0.006907343864,0.993092656136,0.993092656136,hoax,0,claim,AFP Fact Check Indonesia,https://periksafakta.afp.com/doc.afp.com.C67T6KE,teknologi,67
afp-C6L8869,Kanker serviks itu biasanya diderita oleh perempuan ketika umurnya lebih dari 50 tahun. Ngapain diberikan pada umur 12 tahun?,hoax,hoax,correct,0.072566293180,0.927433669567,0.927433669567,meragukan,1,claim,AFP Fact Check Indonesia,https://periksafakta.afp.com/doc.afp.com.C6L8869,kesehatan,125
afp-C6YK89E,"Asap Membungkam Suara Rimba, Salah satu satwa langkah Kalimantan harus di evakuasi,",hoax,hoax,correct,0.063785836101,0.936214148998,0.936214148998,meragukan,1,claim,AFP Fact Check Indonesia,https://periksafakta.afp.com/doc.afp.com.C6YK89E,bencana_cuaca,83
afp-C7868T3,"Sudah mulai berdatangan dari Pati, Senayan diprediksi akan penuh menjelang massa aksi,",hoax,valid,false_negative,0.579961657524,0.420038372278,0.579961657524,meragukan,1,claim,AFP Fact Check Indonesia,https://periksafakta.afp.com/doc.afp.com.C7868T3,teknologi,86
afp-C7DR9ZT,"Ternyata oh ternyata, Bendungannya di bom,",hoax,hoax,correct,0.433574140072,0.566425859928,0.566425859928,meragukan,1,claim,AFP Fact Check Indonesia,https://periksafakta.afp.com/doc.afp.com.C7DR9ZT,bencana_cuaca,42
afp-C7HH4KE,"Tanggal 27 Agustus. Demo besar-besaran di DPR RI. Doa kami selalu menyertai kalian, demi bangsa dan tanah air,",hoax,valid,false_negative,0.867497920990,0.132502049208,0.867497920990,meragukan,1,claim,AFP Fact Check Indonesia,https://periksafakta.afp.com/doc.afp.com.C7HH4KE,politik,110
afp-C7E489E,"Ngeri! Longsor hebat picu banjir bandang di Nepal, ratusan WNA dilaporkan hilang,",hoax,hoax,correct,0.027012340724,0.972987651825,0.972987651825,meragukan,1,claim,AFP Fact Check Indonesia,https://periksafakta.afp.com/doc.afp.com.C7E489E,bencana_cuaca,81
afp-C7HQ8T8,Rahasia di Balik Fenomena El Nino dan Pengaruh Gelombang Frekuensi pada Cuaca!,hoax,hoax,correct,0.015483011492,0.984516918659,0.984516918659,meragukan,1,claim,AFP Fact Check Indonesia,https://periksafakta.afp.com/doc.afp.com.C7HQ8T8,politik,78
afp-C7QM7CW,"Suara dentuman keras! Anak Krakatau kembali bikin warga geger,",hoax,hoax,correct,0.000961948594,0.999038100243,0.999038100243,hoax,0,claim,AFP Fact Check Indonesia,https://periksafakta.afp.com/doc.afp.com.C7QM7CW,teknologi,62
afp-C7RB2CQ,"Mengingat abu vulkanik Krakatao sudah mulai mengarah ke provinsi Lampung, jangan lupa pakai masker ketika harus beraktivitas keluar rumah,",hoax,hoax,correct,0.224408015609,0.775592029095,0.775592029095,meragukan,1,claim,AFP Fact Check Indonesia,https://periksafakta.afp.com/doc.afp.com.C7RB2CQ,bencana_cuaca,138
afp-C7VL29F,"Percaya ataut idak percaya, suka atau tidak suka, tempat-tempat ibadah atau pun rumah sekolah yang beragama Islam banyak yang selamat dari banjir Nepal,",hoax,valid,false_negative,0.793544352055,0.206455633044,0.793544352055,meragukan,1,claim,AFP Fact Check Indonesia,https://periksafakta.afp.com/doc.afp.com.C7VL29F,bencana_cuaca,152
bank_indonesia-sp_2817126,"Karya Kreatif Indonesia 2026: Olah Limbah, Ciptakan Nilai Tambah.",valid,hoax,false_positive,0.002150532790,0.997849464417,0.997849464417,hoax,0,headline_and_primary_statement,Bank Indonesia,https://www.bi.go.id/id/publikasi/ruang-media/news-release/Pages/sp_2817126.aspx,ekonomi,65
bank_indonesia-sp_2817226,"Karya Kreatif Indonesia 2026: UMKM Indonesia Makin Berdaya, Makin Mendunia.",valid,hoax,false_positive,0.008057226427,0.991942763329,0.991942763329,hoax,0,headline_and_primary_statement,Bank Indonesia,https://www.bi.go.id/id/publikasi/ruang-media/news-release/Pages/sp_2817226.aspx,teknologi,75
bank_indonesia-sp_2817326,Sinergi Kebijakan Lintas Negara Kunci Jaga Stabilitas di Tengah Disrupsi Teknologi.,valid,hoax,false_positive,0.003690739395,0.996309220791,0.996309220791,hoax,0,headline_and_primary_statement,Bank Indonesia,https://www.bi.go.id/id/publikasi/ruang-media/news-release/Pages/sp_2817326.aspx,ekonomi,83
bank_indonesia-sp_2817426,Bantuan Kemanusiaan Bank Indonesia Bagi Korban Gempa Bumi Nusa Tenggara Timur.,valid,hoax,false_positive,0.002377291210,0.997622668743,0.997622668743,hoax,0,headline_and_primary_statement,Bank Indonesia,https://www.bi.go.id/id/publikasi/ruang-media/news-release/Pages/sp_2817426.aspx,ekonomi,78
bank_indonesia-sp_2817526,Bank Indonesia dan the Monetary Authority of Singapore Implementasikan Penggunaan Mata Uang Lokal dalam Transaksi Bilateral.,valid,hoax,false_positive,0.003470898606,0.996529161930,0.996529161930,hoax,0,headline_and_primary_statement,Bank Indonesia,https://www.bi.go.id/id/publikasi/ruang-media/news-release/Pages/sp_2817526.aspx,ekonomi,124
bank_indonesia-sp_2817626,IHK Agustus 2026 Tetap Terjaga.,valid,hoax,false_positive,0.006406603847,0.993593394756,0.993593394756,hoax,0,headline_and_primary_statement,Bank Indonesia,https://www.bi.go.id/id/publikasi/ruang-media/news-release/Pages/sp_2817626.aspx,ekonomi,31
bank_indonesia-sp_2817726,Neraca Perdagangan Juli 2026 Mencatat Surplus.,valid,hoax,false_positive,0.046674501151,0.953325569630,0.953325569630,meragukan,1,headline_and_primary_statement,Bank Indonesia,https://www.bi.go.id/id/publikasi/ruang-media/news-release/Pages/sp_2817726.aspx,ekonomi,46
bank_indonesia-sp_2817826,Pelantikan Anggota Dewan Gubernur Bank Indonesia.,valid,hoax,false_positive,0.005077921320,0.994922101498,0.994922101498,hoax,0,headline_and_primary_statement,Bank Indonesia,https://www.bi.go.id/id/publikasi/ruang-media/news-release/Pages/sp_2817826.aspx,ekonomi,49
bank_indonesia-sp_2817926,G20 Dorong Penguatan Stabilitas Ekonomi untuk Dorong Investasi dan Pertumbuhan Dunia Usaha.,valid,hoax,false_positive,0.009729523212,0.990270495415,0.990270495415,hoax,0,headline_and_primary_statement,Bank Indonesia,https://www.bi.go.id/id/publikasi/ruang-media/news-release/Pages/sp_2817926.aspx,ekonomi,91
bank_indonesia-sp_2818026,Sinergi Merah Putih Jadi Kunci Optimalisasi Likuiditas Untuk Intermediasi.,valid,hoax,false_positive,0.002542284783,0.997457683086,0.997457683086,hoax,0,headline_and_primary_statement,Bank Indonesia,https://www.bi.go.id/id/publikasi/ruang-media/news-release/Pages/sp_2818026.aspx,ekonomi,74
bank_indonesia-sp_2818126,Cadangan Devisa Agustus 2026 Tetap Terjaga.,valid,hoax,false_positive,0.007179954089,0.992820084095,0.992820084095,hoax,0,headline_and_primary_statement,Bank Indonesia,https://www.bi.go.id/id/publikasi/ruang-media/news-release/Pages/sp_2818126.aspx,ekonomi,43
bank_indonesia-sp_2818226,"Uang Primer Adjusted Agustus 2026 Tumbuh 16,3% (yoy).",valid,hoax,false_positive,0.271532744169,0.728467285633,0.728467285633,meragukan,1,headline_and_primary_statement,Bank Indonesia,https://www.bi.go.id/id/publikasi/ruang-media/news-release/Pages/sp_2818226.aspx,ekonomi,53
bank_indonesia-sp_2818326,Survei Konsumen Agustus 2026: Keyakinan Konsumen Meningkat.,valid,hoax,false_positive,0.002695510862,0.997304439545,0.997304439545,hoax,0,headline_and_primary_statement,Bank Indonesia,https://www.bi.go.id/id/publikasi/ruang-media/news-release/Pages/sp_2818326.aspx,ekonomi,59
bank_indonesia-sp_2818426,Survei Penjualan Eceran Agustus 2026: Penjualan Eceran Diprakirakan Tetap Tumbuh.,valid,hoax,false_positive,0.002434984315,0.997565031052,0.997565031052,hoax,0,headline_and_primary_statement,Bank Indonesia,https://www.bi.go.id/id/publikasi/ruang-media/news-release/Pages/sp_2818426.aspx,teknologi,81
bank_indonesia-sp_2818526,Posisi Kewajiban Neto Investasi Internasional Indonesia Triwulan II 2026 Menurun.,valid,hoax,false_positive,0.006275386550,0.993724644184,0.993724644184,hoax,0,headline_and_primary_statement,Bank Indonesia,https://www.bi.go.id/id/publikasi/ruang-media/news-release/Pages/sp_2818526.aspx,lainnya,81
bank_indonesia-sp_2818626,BRICS Perkuat Penggunaan Mata Uang Lokal untuk Hadapi Ketidakpastian Ekonomi Global.,valid,hoax,false_positive,0.001536834519,0.998463153839,0.998463153839,hoax,0,headline_and_primary_statement,Bank Indonesia,https://www.bi.go.id/id/publikasi/ruang-media/news-release/Pages/sp_2818626.aspx,ekonomi,84
bank_indonesia-sp_2818726,"Kajian Stabilitas Keuangan 47: Menjaga Resiliensi Sistem Keuangan, Memperkuat Momentum Pertumbuhan Ekonomi.",valid,hoax,false_positive,0.007914820686,0.992085158825,0.992085158825,hoax,0,headline_and_primary_statement,Bank Indonesia,https://www.bi.go.id/id/publikasi/ruang-media/news-release/Pages/sp_2818726.aspx,ekonomi,107
bank_indonesia-sp_2818826,Utang Luar Negeri Indonesia Juli 2026 Tetap Terjaga.,valid,hoax,false_positive,0.003455223981,0.996544778347,0.996544778347,hoax,0,headline_and_primary_statement,Bank Indonesia,https://www.bi.go.id/id/publikasi/ruang-media/news-release/Pages/sp_2818826.aspx,ekonomi,52
bank_indonesia-sp_2818926,Gubernur BI Lantik Pemimpin Satuan Kerja Bank Indonesia.,valid,hoax,false_positive,0.001715566497,0.998284399509,0.998284399509,hoax,0,headline_and_primary_statement,Bank Indonesia,https://www.bi.go.id/id/publikasi/ruang-media/news-release/Pages/sp_2818926.aspx,ekonomi,56
bank_indonesia-sp_2819026,"Perkuat Kepercayaan di Era Digital, Bank Indonesia Dorong Kolaborasi Lintas Negara.",valid,hoax,false_positive,0.002228622790,0.997771382332,0.997771382332,hoax,0,headline_and_primary_statement,Bank Indonesia,https://www.bi.go.id/id/publikasi/ruang-media/news-release/Pages/sp_2819026.aspx,ekonomi,83
bmkg-bmkg-dan-bakamla-ri-berkolaborasi-dalam-mendukung-keselamatan-dan-keamanan-maritim,BMKG dan Bakamla RI Berkolaborasi Dalam Mendukung Keselamatan dan Keamanan Maritim.,valid,hoax,false_positive,0.001258533332,0.998741447926,0.998741447926,hoax,0,headline_and_primary_statement,BMKG,https://www.bmkg.go.id/berita/utama/bmkg-dan-bakamla-ri-berkolaborasi-dalam-mendukung-keselamatan-dan-keamanan-maritim,bencana_cuaca,83
bmkg-bmkg-bengkulu-rakor-karhutla-perkuat-early-warning-dan-pencegahan-dini,"Hadiri Rakor Pengendalian Karhutla, BMKG Bengkulu Dorong Langkah Mitigasi dan Pencegahan Dini Karhutla.",valid,hoax,false_positive,0.002817678032,0.997182369232,0.997182369232,hoax,0,headline_and_primary_statement,BMKG,https://www.bmkg.go.id/berita/daerah/bmkg-bengkulu-rakor-karhutla-perkuat-early-warning-dan-pencegahan-dini,bencana_cuaca,103
bmkg-bmkg-gelar-pengukuhan-dewan-pengurus-korpri-bmkg-masa-bakti-2023-2028,BMKG Gelar Pengukuhan Dewan Pengurus KORPRI BMKG Masa Bakti 2023-2028.,valid,hoax,false_positive,0.002967068693,0.997032880783,0.997032880783,hoax,0,headline_and_primary_statement,BMKG,https://www.bmkg.go.id/berita/utama/bmkg-gelar-pengukuhan-dewan-pengurus-korpri-bmkg-masa-bakti-2023-2028,bencana_cuaca,70
bmkg-bmkg-hadiri-rdp-komisi-v-dpr-ri-bahas-evaluasi-dan-penyesuaian-anggaran-2026-serta-penetapan-rka-k-l-2027,"BMKG Hadiri RDP Komisi V DPR RI, Bahas Evaluasi dan Penyesuaian Anggaran 2026 serta Penetapan RKA K/L 2027.",valid,hoax,false_positive,0.001247862121,0.998752117157,0.998752117157,hoax,0,headline_and_primary_statement,BMKG,https://www.bmkg.go.id/berita/utama/bmkg-hadiri-rdp-komisi-v-dpr-ri-bahas-evaluasi-dan-penyesuaian-anggaran-2026-serta-penetapan-rka-k-l-2027,politik,107
bmkg-forum-konsultasi-publik-ptsp-bmkg-wujudkan-kemudahan-layanan-dan-tata-kelola-pnbp,"Forum Konsultasi Publik PTSP BMKG, Wujudkan Kemudahan Layanan dan Tata Kelola PNBP.",valid,hoax,false_positive,0.001048448379,0.998951554298,0.998951554298,hoax,0,headline_and_primary_statement,BMKG,https://www.bmkg.go.id/berita/kegiatan/forum-konsultasi-publik-ptsp-bmkg-wujudkan-kemudahan-layanan-dan-tata-kelola-pnbp,bencana_cuaca,83
bmkg-lantik-pejabat-pimpinan-tinggi-pratama-bmkg-tekankan-integritas-dan-kinerja-nyata,"Lantik Pejabat Pimpinan Tinggi Pratama, BMKG Tekankan Integritas dan Kinerja Nyata.",valid,hoax,false_positive,0.004253128543,0.995746910572,0.995746910572,hoax,0,headline_and_primary_statement,BMKG,https://www.bmkg.go.id/berita/utama/lantik-pejabat-pimpinan-tinggi-pratama-bmkg-tekankan-integritas-dan-kinerja-nyata,bencana_cuaca,83
bmkg-bmkg-dan-pemkab-natuna-perkuat-observasi-maritim-untuk-dukung-keselamatan-di-wilayah-perbatasan,BMKG dan Pemkab Natuna Perkuat Observasi Maritim untuk Dukung Keselamatan di Wilayah Perbatasan.,valid,hoax,false_positive,0.001001600293,0.998998463154,0.998998463154,hoax,0,headline_and_primary_statement,BMKG,https://www.bmkg.go.id/berita/utama/bmkg-dan-pemkab-natuna-perkuat-observasi-maritim-untuk-dukung-keselamatan-di-wilayah-perbatasan,politik,96
bmkg-siswa-smak-penabur-gading-serpong-matangkan-persiapan-osn-kebumian-di-bmkg,Siswa SMAK Penabur Gading Serpong Matangkan Persiapan OSN Kebumian di BMKG.,valid,hoax,false_positive,0.003494485281,0.996505498886,0.996505498886,hoax,0,headline_and_primary_statement,BMKG,https://www.bmkg.go.id/berita/kegiatan/siswa-smak-penabur-gading-serpong-matangkan-persiapan-osn-kebumian-di-bmkg,bencana_cuaca,75
bmkg-dampak-el-nino-masih-perlu-diwaspadai-bmkg-perkuat-dukungan-pengendalian-karhutla,"Dampak El Niño Masih Perlu Diwaspadai, BMKG Perkuat Dukungan Pengendalian Karhutla.",valid,hoax,false_positive,0.001143238740,0.998856782913,0.998856782913,hoax,0,headline_and_primary_statement,BMKG,https://www.bmkg.go.id/berita/utama/dampak-el-nino-masih-perlu-diwaspadai-bmkg-perkuat-dukungan-pengendalian-karhutla,bencana_cuaca,83
bmkg-bmkg-sampaikan-pendalaman-rka-k-l-2027-dalam-rdp-bersama-dpr-ri,BMKG Sampaikan Pendalaman RKA-K/L 2027 dalam RDP Bersama DPR RI.,valid,hoax,false_positive,0.000712153444,0.999287903309,0.999287903309,hoax,0,headline_and_primary_statement,BMKG,https://www.bmkg.go.id/berita/utama/bmkg-sampaikan-pendalaman-rka-k-l-2027-dalam-rdp-bersama-dpr-ri,politik,64
bmkg-perkuat-mitigasi-bencana-di-karanganyar-stasiun-geofisika-sleman-gelar-audiensi-dan-siapkan-sekolah-lapang-gempa-bumi,"Perkuat Mitigasi Bencana di Karanganyar, Stasiun Geofisika Sleman Gelar Audiensi dan Siapkan Sekolah Lapang Gempa Bumi.",valid,hoax,false_positive,0.002802749630,0.997197270393,0.997197270393,hoax,0,headline_and_primary_statement,BMKG,https://www.bmkg.go.id/berita/daerah/perkuat-mitigasi-bencana-di-karanganyar-stasiun-geofisika-sleman-gelar-audiensi-dan-siapkan-sekolah-lapang-gempa-bumi,politik,119
bmkg-sdit-bening-bogor-kunjungi-bmkg-kenali-cuaca-hingga-mitigasi-bencana,"SDIT Bening Bogor Kunjungi BMKG, Kenali Cuaca hingga Mitigasi Bencana.",valid,hoax,false_positive,0.002340898383,0.997659087181,0.997659087181,hoax,0,headline_and_primary_statement,BMKG,https://www.bmkg.go.id/berita/kegiatan/sdit-bening-bogor-kunjungi-bmkg-kenali-cuaca-hingga-mitigasi-bencana,bencana_cuaca,70
bmkg-bmkg-perkuat-kolaborasi-dalam-pengembangan-teknologi-modifikasi-cuaca-melalui-asean-workshop-on-weather-modification-science-2026,BMKG Perkuat Kolaborasi dalam Pengembangan Teknologi Modifikasi Cuaca Melalui ASEAN Workshop on Weather Modification Science 2026.,valid,hoax,false_positive,0.001773004187,0.998227059841,0.998227059841,hoax,0,headline_and_primary_statement,BMKG,https://www.bmkg.go.id/berita/utama/bmkg-perkuat-kolaborasi-dalam-pengembangan-teknologi-modifikasi-cuaca-melalui-asean-workshop-on-weather-modification-science-2026,bencana_cuaca,130
bmkg-dwp-bmkg-gelar-seminar-parenting-tegas-tanpa-harus-keras-berdayakan-peran-orang-tua-dalam-pengasuhan-anak,"DWP BMKG Gelar Seminar Parenting “Tegas Tanpa Harus Keras”, Berdayakan Peran Orang Tua dalam Pengasuhan Anak.",valid,hoax,false_positive,0.002210408216,0.997789621353,0.997789621353,hoax,0,headline_and_primary_statement,BMKG,https://www.bmkg.go.id/berita/kegiatan/dwp-bmkg-gelar-seminar-parenting-tegas-tanpa-harus-keras-berdayakan-peran-orang-tua-dalam-pengasuhan-anak,bencana_cuaca,109
bmkg-gempa-flores-m77-jadi-momentum-penguatan-mitigasi-bencana-berbasis-sains-dan-teknologi,"Gempa Flores M7,7 Jadi Momentum Penguatan Mitigasi Bencana Berbasis Sains dan Teknologi.",valid,hoax,false_positive,0.001901752781,0.998098313808,0.998098313808,hoax,0,headline_and_primary_statement,BMKG,https://www.bmkg.go.id/berita/utama/gempa-flores-m77-jadi-momentum-penguatan-mitigasi-bencana-berbasis-sains-dan-teknologi,bencana_cuaca,88
bmkg-bmkg-laksanakan-survei-meteo-oseanografi-terpadu-di-selat-sunda-untuk-perkuat-akurasi-layanan-maritim,BMKG Laksanakan Survei Meteo-Oseanografi Terpadu di Selat Sunda untuk Perkuat Akurasi Layanan Maritim.,valid,hoax,false_positive,0.001069299411,0.998930633068,0.998930633068,hoax,0,headline_and_primary_statement,BMKG,https://www.bmkg.go.id/berita/utama/bmkg-laksanakan-survei-meteo-oseanografi-terpadu-di-selat-sunda-untuk-perkuat-akurasi-layanan-maritim,bencana_cuaca,102
bmkg-bmkg-tekankan-pentingnya-informasi-iklim-dalam-perencanaan-produksi-dan-distribusi-pupuk-nasional,BMKG Tekankan Pentingnya Informasi Iklim dalam Perencanaan Produksi dan Distribusi Pupuk Nasional.,valid,hoax,false_positive,0.000847225427,0.999152779579,0.999152779579,hoax,0,headline_and_primary_statement,BMKG,https://www.bmkg.go.id/berita/utama/bmkg-tekankan-pentingnya-informasi-iklim-dalam-perencanaan-produksi-dan-distribusi-pupuk-nasional,bencana_cuaca,98
bmkg-bmkg-paparkan-mitigasi-karhutla-dan-penanganan-pascagempa-flores-dalam-ratas-presiden,BMKG Paparkan Mitigasi Karhutla dan Penanganan Pascagempa Flores dalam Ratas Presiden.,valid,hoax,false_positive,0.001266409410,0.998733580112,0.998733580112,hoax,0,headline_and_primary_statement,BMKG,https://www.bmkg.go.id/berita/utama/bmkg-paparkan-mitigasi-karhutla-dan-penanganan-pascagempa-flores-dalam-ratas-presiden,politik,86
bmkg-bmkg-perkuat-budaya-selamat-hadapi-ancaman-gempabumi-dan-tsunami-di-the-sanur,BMKG Perkuat Budaya Selamat Hadapi Ancaman Gempabumi dan Tsunami.,valid,hoax,false_positive,0.001589534571,0.998410463333,0.998410463333,hoax,0,headline_and_primary_statement,BMKG,https://www.bmkg.go.id/berita/daerah/bmkg-perkuat-budaya-selamat-hadapi-ancaman-gempabumi-dan-tsunami-di-the-sanur,ekonomi,65
bmkg-tingkatkan-kesiapsiagaan-bencana-bmkg-perkuat-sinergi-dengan-pemkab-buleleng,"Tingkatkan Kesiapsiagaan Bencana, BMKG Perkuat Sinergi dengan Pemkab Buleleng.",valid,hoax,false_positive,0.004957946017,0.995042085648,0.995042085648,hoax,0,headline_and_primary_statement,BMKG,https://www.bmkg.go.id/berita/daerah/tingkatkan-kesiapsiagaan-bencana-bmkg-perkuat-sinergi-dengan-pemkab-buleleng,politik,78
kemkes-kesehatan-masyarakat-terancam-kemenkes-dan-komdigi-kolaborasi-dengan-mitra-strategis-membangun-ekosistem-penanganan-hoaks,"Kementerian Kesehatan bersama mitra lintas sektor meluncurkan Playbook Respons Cepat Penanganan Hoaks Kesehatan di Kantor Kementerian Kesehatan, Jakarta, Kamis (17/9), untuk merespons hoaks yang dinilai turut menekan cakupan imunisasi anak hingga memicu wabah campak dan polio di sejumlah daerah.",valid,hoax,false_positive,0.005053235684,0.994946777821,0.994946777821,hoax,0,primary_factual_statement,Kementerian Kesehatan RI,https://kemkes.go.id/id/kesehatan-masyarakat-terancam-kemenkes-dan-komdigi-kolaborasi-dengan-mitra-strategis-membangun-ekosistem-penanganan-hoaks,politik,296
kemkes-lawan-hoaks-kesehatan-kemenkes-bangun-sistem-dan-kolaborasi-respons-cepat-,Kementerian Kesehatan (Kemenkes) memperkuat sistem penanganan hoaks kesehatan melalui peluncuran Playbook Respons Cepat Penanganan Hoaks Kesehatan.,valid,hoax,false_positive,0.001262759324,0.998737275600,0.998737275600,hoax,0,primary_factual_statement,Kementerian Kesehatan RI,https://kemkes.go.id/id/lawan-hoaks-kesehatan-kemenkes-bangun-sistem-dan-kolaborasi-respons-cepat-,politik,147
kemkes-4-dari-10-anak-sekolah-alami-gigi-berlubang-kemenkes-dorong-periksa-gigi-rutin,Kementerian Kesehatan (Kemenkes) RI mendorong penguatan upaya promotif dan preventif untuk menjaga kesehatan gigi dan mulut anak sejak dini.,valid,hoax,false_positive,0.001361254603,0.998638689518,0.998638689518,hoax,0,primary_factual_statement,Kementerian Kesehatan RI,https://kemkes.go.id/id/4-dari-10-anak-sekolah-alami-gigi-berlubang-kemenkes-dorong-periksa-gigi-rutin,politik,140
kemkes-perkuat-sinergi-kesehatan-kemenkes-usung-tiga-prinsip-utama-one-plan-one-budget-one-evaluation,"Kementerian Kesehatan (Kemenkes) Republik Indonesia menyelenggarakan 4th Indonesia Health Partners Meeting (IHPM) di Jakarta, Selasa (15/9/2026).",valid,valid,correct,0.974637985229,0.025362001732,0.974637985229,meragukan,1,primary_factual_statement,Kementerian Kesehatan RI,https://kemkes.go.id/id/perkuat-sinergi-kesehatan-kemenkes-usung-tiga-prinsip-utama-one-plan-one-budget-one-evaluation,politik,145
kemkes-menkes-kemitraan-kesehatan-harus-berujung-pada-dampak-nyata,Menteri Kesehatan Budi Gunadi Sadikin menegaskan pentingnya mengubah kemitraan pembangunan kesehatan menjadi aksi nyata yang berdampak langsung bagi masyarakat.,valid,hoax,false_positive,0.002184817335,0.997815132141,0.997815132141,hoax,0,primary_factual_statement,Kementerian Kesehatan RI,https://kemkes.go.id/id/menkes-kemitraan-kesehatan-harus-berujung-pada-dampak-nyata,politik,160
kemkes-usai-kajian-komnas-kipi-kemenkes-pastikan-bias-tetap-dilanjutkan-di-karo,Kementerian Kesehatan (Kemenkes) memastikan pelaksanaan Bulan Imunisasi Anak Sekolah (BIAS) tetap dilanjutkan sesuai jadwal dan ketentuan yang berlaku.,valid,hoax,false_positive,0.006797724869,0.993202269077,0.993202269077,hoax,0,primary_factual_statement,Kementerian Kesehatan RI,https://kemkes.go.id/id/usai-kajian-komnas-kipi-kemenkes-pastikan-bias-tetap-dilanjutkan-di-karo,politik,151
kemkes-kemenkes-perkuat-pemantauan-kualitas-udara-hadapi-dampak-erupsi-anak-krakatau,Kementerian Kesehatan (Kemenkes) RI terus memperkuat pemantauan kualitas udara menyusul erupsi Gunung Anak Krakatau dan sebaran abu vulkanik yang berdampak pada sejumlah wilayah.,valid,hoax,false_positive,0.000937485136,0.999062478542,0.999062478542,hoax,0,primary_factual_statement,Kementerian Kesehatan RI,https://kemkes.go.id/id/kemenkes-perkuat-pemantauan-kualitas-udara-hadapi-dampak-erupsi-anak-krakatau,politik,178
kemkes-kemenkes-siagakan-413-rumah-sakit-dan-830-puskesmas-hadapi-dampak-erupsi-anak-krakatau,"Kementerian Kesehatan (Kemenkes) RI meningkatkan kesiapsiagaan kesehatan menyusul erupsi Gunung Anak Krakatau pada Jumat (4/9/2026) pukul 23.07 WIB yang berdampak pada wilayah Lampung, Banten, DKI Jakarta, dan Jawa Barat.",valid,valid,correct,0.982771337032,0.017228651792,0.982771337032,meragukan,1,primary_factual_statement,Kementerian Kesehatan RI,https://kemkes.go.id/id/kemenkes-siagakan-413-rumah-sakit-dan-830-puskesmas-hadapi-dampak-erupsi-anak-krakatau,politik,221
kemkes-kemenkes-kirim-160-nakes-batch-2-ke-ntt-perkuat-pemulihan-psikososial-korban-gempa,Kementerian Kesehatan (Kemenkes) RI kembali mengirimkan Tenaga Cadangan Kesehatan (TCK) untuk mendukung pemulihan kesehatan masyarakat terdampak gempa bumi di Nusa Tenggara Timur (NTT).,valid,hoax,false_positive,0.479627102613,0.520372867584,0.520372867584,meragukan,1,primary_factual_statement,Kementerian Kesehatan RI,https://kemkes.go.id/id/kemenkes-kirim-160-nakes-batch-2-ke-ntt-perkuat-pemulihan-psikososial-korban-gempa,politik,185
kemkes-abu-vulkanik-anak-krakatau-menyebar-menkes-meminta-masyarakat-batasi-aktivitas-di-luar-rumah,Imbauan tersebut disampaikan menyusul erupsi Gunung Anak Krakatau yang berstatus Siaga (Level III) dan berlangsung terus-menerus sejak Jumat (4/9/2026).,valid,hoax,false_positive,0.001487671747,0.998512327671,0.998512327671,hoax,0,primary_factual_statement,Kementerian Kesehatan RI,https://kemkes.go.id/id/abu-vulkanik-anak-krakatau-menyebar-menkes-meminta-masyarakat-batasi-aktivitas-di-luar-rumah,bencana_cuaca,152
kemkes-tembus-jalur-ekstrem-nakes-tak-tinggalkan-warga-pelosok-ende-pascagempa,"Jalan pegunungan yang rusak, tebing dan jurang curam, hingga perjalanan laut selama dua jam tidak menghentikan langkah tenaga kesehatan (nakes) menjangkau masyarakat terdampak gempa di Kabupaten Ende, Nusa Tenggara Timur (NTT).",valid,valid,correct,0.976520955563,0.023479018360,0.976520955563,meragukan,1,primary_factual_statement,Kementerian Kesehatan RI,https://kemkes.go.id/id/tembus-jalur-ekstrem-nakes-tak-tinggalkan-warga-pelosok-ende-pascagempa,bencana_cuaca,227
kemkes-wamenkes-dante-ajak-masyarakat-kenali-gejala-gangguan-jiwa,"Gangguan jiwa dapat dialami siapa saja, tanpa mengenal usia, jenis kelamin, maupun status ekonomi.",valid,hoax,false_positive,0.015437236987,0.984562814236,0.984562814236,meragukan,1,primary_factual_statement,Kementerian Kesehatan RI,https://kemkes.go.id/id/wamenkes-dante-ajak-masyarakat-kenali-gejala-gangguan-jiwa,ekonomi,98
kemkes-pemerintah-tunjukan-inovasi-genomik-ri-ke-putri-mahkota-swedia,"Putri Mahkota Swedia, Victoria Ingrid Alice Désirée, yang juga merupakan Goodwill Ambassador for the Sustainable Development Goals, United Nations Development Programme (UNDP), mengunjungi Balai Besar Biomedis dan Genomika Kesehatan (BB Binomika) di Gedung Eijkman, RSCM, Jakarta, Jumat (4/9).",valid,valid,correct,0.999334990978,0.000664987369,0.999334990978,valid,0,primary_factual_statement,Kementerian Kesehatan RI,https://kemkes.go.id/id/pemerintah-tunjukan-inovasi-genomik-ri-ke-putri-mahkota-swedia,politik,293
kemkes-kemenkes-perkuat-dua-pilar-kegawatdaruratan-hadapi-krisis-bencana-,Tingginya frekuensi krisis kesehatan akibat bencana alam dan kebutuhan pelayanan medis yang cepat mendorong Kementerian Kesehatan (Kemenkes) memperkuat tata kelola kegawatdaruratan medis nasional.,valid,hoax,false_positive,0.002368769376,0.997631192207,0.997631192207,hoax,0,primary_factual_statement,Kementerian Kesehatan RI,https://kemkes.go.id/id/kemenkes-perkuat-dua-pilar-kegawatdaruratan-hadapi-krisis-bencana-,politik,196
kemkes-kemenkes-luncurkan-seleksi-25-prodi-baru-rsppu-dan-serah-terima-54-ppds-batch-iv,Kementerian Kesehatan (Kemenkes) RI meluncurkan seleksi 25 program studi (prodi) baru Program Pendidikan Dokter Spesialis (PPDS) berbasis rumah sakit atau Hospital-Based pada Rumah Sakit Pendidikan Penyelenggara Utama (RSPPU) Batch V.,valid,valid,correct,0.827334880829,0.172665134072,0.827334880829,meragukan,1,primary_factual_statement,Kementerian Kesehatan RI,https://kemkes.go.id/id/kemenkes-luncurkan-seleksi-25-prodi-baru-rsppu-dan-serah-terima-54-ppds-batch-iv,politik,234
kemkes-kemenkes-dan-ojk-perkuat-ekosistem-pembiayaan-kesehatan,Kementerian Kesehatan (Kemenkes) RI bersama Otoritas Jasa Keuangan (OJK) terus memperkuat ekosistem pembiayaan kesehatan melalui kolaborasi antara industri asuransi dan fasilitas pelayanan kesehatan.,valid,hoax,false_positive,0.006596955005,0.993403017521,0.993403017521,hoax,0,primary_factual_statement,Kementerian Kesehatan RI,https://kemkes.go.id/id/kemenkes-dan-ojk-perkuat-ekosistem-pembiayaan-kesehatan,politik,199
kemkes-antisipasi-pandemi-baru-indonesia-jadi-negara-ketiga-penguji-target-vaksin-100-hari,"Kementerian Kesehatan (Kemenkes) RI bersama Coalition for Epidemic Preparedness Innovations (CEPI) menggelar simulasi kesiapsiagaan menghadapi ancaman pandemi baru atau ""Penyakit X"" di Jakarta, Kamis (3/9).",valid,valid,correct,0.986726403236,0.013273562305,0.986726403236,meragukan,1,primary_factual_statement,Kementerian Kesehatan RI,https://kemkes.go.id/id/antisipasi-pandemi-baru-indonesia-jadi-negara-ketiga-penguji-target-vaksin-100-hari,politik,206
kemkes-satusehat-rme-dukung-bpjs-kesehatan-wujudkan-pembiayaan-berbasis-mutu-dan-outcome,"Peluncuran SATUSEHAT Rekam Medis Elektronik (RME) menjadi langkah penting dalam membangun ekosistem data kesehatan nasional yang dapat dimanfaatkan tidak hanya untuk pelayanan pasien, tetapi juga untuk meningkatkan mutu pelayanan dan mendukung pembiayaan kesehatan berbasis value dan outcome.",valid,hoax,false_positive,0.001517044031,0.998483002186,0.998483002186,hoax,0,primary_factual_statement,Kementerian Kesehatan RI,https://kemkes.go.id/id/satusehat-rme-dukung-bpjs-kesehatan-wujudkan-pembiayaan-berbasis-mutu-dan-outcome,politik,292
kemkes-pemerintah-buka-25-prodi-dokter-spesialis-hospital-based-prioritas-untuk-dokter-di-daerah-3t-,"Pemerintah terbitkan izin operasional bagi 25 program studi (prodi) baru Program Pendidikan Dokter Spesialis (PPDS) berbasis rumah sakit (hospital-based) sebagai afirmasi untuk para dokter di daerah 3T (Tertinggal, Terdepan, Terluar).",valid,hoax,false_positive,0.040678605437,0.959321439266,0.959321439266,meragukan,1,primary_factual_statement,Kementerian Kesehatan RI,https://kemkes.go.id/id/pemerintah-buka-25-prodi-dokter-spesialis-hospital-based-prioritas-untuk-dokter-di-daerah-3t-,politik,234
kemkes-kemenkes-siap-siaga-hadapi-dampak-karhutla-848-tenaga-kesehatan-dimobilisasi,Kementerian Kesehatan (Kemenkes) RI terus memperkuat respons kesehatan dalam menghadapi dampak kebakaran hutan dan lahan (Karhutla) yang terjadi di sejumlah wilayah Indonesia.,valid,hoax,false_positive,0.006522848736,0.993477165699,0.993477165699,hoax,0,primary_factual_statement,Kementerian Kesehatan RI,https://kemkes.go.id/id/kemenkes-siap-siaga-hadapi-dampak-karhutla-848-tenaga-kesehatan-dimobilisasi,politik,175
