id,text,label,text_source,evidence_source,evidence_url,published_at,topic,verification_method,notes,approved
turnbackhoax-36648,Tautan Pendaftaran Lowongan Kerja Puskesmas,hoax,claim,TurnBackHoax / MAFINDO,https://turnbackhoax.id/articles/36648-penipuan-tautan-pendaftaran-lowongan-kerja-puskesmas,2026-09-14,lainnya,fact_check,ClaimReview verdict=Salah; requires manual review,0
turnbackhoax-36649,Tautan Pendaftaran Tunjangan Lansia 2026,hoax,claim,TurnBackHoax / MAFINDO,https://turnbackhoax.id/articles/36649-penipuan-tautan-pendaftaran-tunjangan-lansia-2026,2026-09-14,lainnya,fact_check,ClaimReview verdict=Salah; requires manual review,0
turnbackhoax-36654,Tautan Pendaftaran Bansos Digital,hoax,claim,TurnBackHoax / MAFINDO,https://turnbackhoax.id/articles/36654-penipuan-tautan-pendaftaran-bansos-digital,2026-09-14,bantuan_sosial,fact_check,ClaimReview verdict=Salah; requires manual review,0
turnbackhoax-36655,"Dokumentasi “Malaysia Kirim Pesawat, Padamkan Karhutla Sumatra 2026”",hoax,claim,TurnBackHoax / MAFINDO,https://turnbackhoax.id/articles/36655-salah-dokumentasi-malaysia-kirim-pesawat-padamkan-karhutla-sumatra-2026,2026-09-14,bencana_cuaca,fact_check,ClaimReview verdict=Salah; requires manual review,0
turnbackhoax-36672,Lowongan Kerja Cosmos Indonesia,hoax,claim,TurnBackHoax / MAFINDO,https://turnbackhoax.id/articles/36672-penipuan-lowongan-kerja-cosmos-indonesia,2026-09-15,lainnya,fact_check,ClaimReview verdict=Salah; requires manual review,0
turnbackhoax-36680,Kota Malang Sepakat Hentikan MBG,hoax,claim,TurnBackHoax / MAFINDO,https://turnbackhoax.id/articles/36680-salah-kota-malang-sepakat-hentikan-mbg,2026-09-15,lainnya,fact_check,ClaimReview verdict=Salah; requires manual review,0
turnbackhoax-36681,Gibran Sebut Tidak Tahu Kasus Keracunan MBG,hoax,claim,TurnBackHoax / MAFINDO,https://turnbackhoax.id/articles/36681-salah-gibran-sebut-tidak-tahu-kasus-keracunan-mbg,2026-09-15,lainnya,fact_check,ClaimReview verdict=Salah; requires manual review,0
turnbackhoax-36682,Toko Harian Dipaksa Tutup karena Dekat dengan Kopdes,hoax,claim,TurnBackHoax / MAFINDO,https://turnbackhoax.id/articles/36682-salah-toko-harian-dipaksa-tutup-karena-dekat-dengan-kopdes,2026-09-16,lainnya,fact_check,ClaimReview verdict=Salah; requires manual review,0
turnbackhoax-36700,Dokumentasi &quot;Aksi Pembakaran Gudang MBG di NTB&quot;,hoax,claim,TurnBackHoax / MAFINDO,https://turnbackhoax.id/articles/36700-salah-dokumentasi-aksi-pembakaran-gudang-mbg-di-ntb,2026-09-16,lainnya,fact_check,ClaimReview verdict=Salah; requires manual review,0
turnbackhoax-36701,Tautan Lowongan Kerja Elabram Systems,hoax,claim,TurnBackHoax / MAFINDO,https://turnbackhoax.id/articles/36701-penipuan-tautan-lowongan-kerja-elabram-systems,2026-09-16,lainnya,fact_check,ClaimReview verdict=Salah; requires manual review,0
turnbackhoax-36706,"Pembangunan IKN Dihentikan Sementara, Dana Dialihkan ke MBG dan Kopdes",hoax,claim,TurnBackHoax / MAFINDO,https://turnbackhoax.id/articles/36706-salah-pembangunan-ikn-dihentikan-sementara-dana-dialihkan-ke-mbg-dan-kopdes,2026-09-16,lainnya,fact_check,ClaimReview verdict=Salah; requires manual review,0
turnbackhoax-36727,Video &quot;Laut Merak Kering Imbas Erupsi Gunung Anak Krakatau&quot;,hoax,claim,TurnBackHoax / MAFINDO,https://turnbackhoax.id/articles/36727-salah-video-laut-merak-kering-imbas-erupsi-gunung-anak-krakatau,2026-09-17,bencana_cuaca,fact_check,ClaimReview verdict=Salah; requires manual review,0
turnbackhoax-36729,Malaysia Laporkan Indonesia ke PBB soal Karhutla,hoax,claim,TurnBackHoax / MAFINDO,https://turnbackhoax.id/articles/36729-salah-malaysia-laporkan-indonesia-ke-pbb-soal-karhutla,2026-09-17,bencana_cuaca,fact_check,ClaimReview verdict=Salah; requires manual review,0
turnbackhoax-36730,Ojol Dilarang Beli Pertalite,hoax,claim,TurnBackHoax / MAFINDO,https://turnbackhoax.id/articles/36730-salah-ojol-dilarang-beli-pertalite,2026-09-17,lainnya,fact_check,ClaimReview verdict=Salah; requires manual review,0
turnbackhoax-36731,Tautan Pendaftaran Cek Kesehatan Gratis,hoax,claim,TurnBackHoax / MAFINDO,https://turnbackhoax.id/articles/36731-penipuan-tautan-pendaftaran-cek-kesehatan-gratis,2026-09-17,kesehatan,fact_check,ClaimReview verdict=Salah; requires manual review,0
turnbackhoax-36737,Tautan Pendaftaran Program Bantuan Lansia,hoax,claim,TurnBackHoax / MAFINDO,https://turnbackhoax.id/articles/36737-penipuan-tautan-pendaftaran-program-bantuan-lansia,2026-09-18,bantuan_sosial,fact_check,ClaimReview verdict=Salah; requires manual review,0
turnbackhoax-36738,Ada Kebijakan Razia Kendaraan dari Rumah ke Rumah,hoax,claim,TurnBackHoax / MAFINDO,https://turnbackhoax.id/articles/36738-salah-ada-kebijakan-razia-kendaraan-dari-rumah-ke-rumah,2026-09-18,keamanan,fact_check,ClaimReview verdict=Salah; requires manual review,0
turnbackhoax-36774,Foto Rekrutmen Pegawai Koperasi Merah Putih,hoax,claim,TurnBackHoax / MAFINDO,https://turnbackhoax.id/articles/36774-penipuan-foto-rekrutmen-pegawai-koperasi-merah-putih,2026-09-19,teknologi,fact_check,ClaimReview verdict=Salah; requires manual review,0
turnbackhoax-36775,Menkeu Suahasil Terlibat Korupsi Ratusan Triliun Rupiah,hoax,claim,TurnBackHoax / MAFINDO,https://turnbackhoax.id/articles/36775-salah-menkeu-suahasil-terlibat-korupsi-ratusan-triliun-rupiah,2026-09-21,ekonomi,fact_check,ClaimReview verdict=Salah; requires manual review,0
turnbackhoax-36776,Kontak “Pendaftaran Dana Bantuan” dari Menkeu Suahasil Nazara,hoax,claim,TurnBackHoax / MAFINDO,https://turnbackhoax.id/articles/36776-penipuan-kontak-pendaftaran-dana-bantuan-dari-menkeu-suahasil-nazara,2026-09-21,bantuan_sosial,fact_check,ClaimReview verdict=Salah; requires manual review,0
cekfakta-36764,Tautan Link Pendaftaran Cek Kesehatan Gratis (CKG),hoax,claim,CekFakta,https://cekfakta.com/focus/36764,2026-09-15,kesehatan,fact_check,CekFakta API status=Salah; requires manual review,0
cekfakta-36700,"Dokumentasi ""Aksi Pembakaran Gudang MBG di NTB""",hoax,claim,CekFakta,https://cekfakta.com/focus/36700,2026-09-16,teknologi,fact_check,CekFakta API status=Salah; requires manual review,0
cekfakta-36702,Hoaks Polri Bakal Razia Pajak Kendaraan ke Rumah Warga Mulai September 2026,hoax,claim,CekFakta,https://cekfakta.com/focus/36702,2026-09-16,teknologi,fact_check,CekFakta API status=Salah; requires manual review,0
cekfakta-36707,Hoaks Link Pendaftaran Undian Berhadiah Bank BRI,hoax,claim,CekFakta,https://cekfakta.com/focus/36707,2026-09-16,ekonomi,fact_check,CekFakta API status=Salah; requires manual review,0
cekfakta-36708,Hoaks Video Ustaz Abdul Somad Bicara Bantuan Dana Hibah Arab Saudi,hoax,claim,CekFakta,https://cekfakta.com/focus/36708,2026-09-16,bantuan_sosial,fact_check,CekFakta API status=Salah; requires manual review,0
cekfakta-36765,Prabowo Minta Guru Rahasiakan Keracunan MBG,hoax,claim,CekFakta,https://cekfakta.com/focus/36765,2026-09-16,lainnya,fact_check,CekFakta API status=Salah; requires manual review,0
cekfakta-36766,Pigai Sebut Penembakan ASN oleh KKB Tidak Melanggar HAM,hoax,claim,CekFakta,https://cekfakta.com/focus/36766,2026-09-16,teknologi,fact_check,CekFakta API status=Salah; requires manual review,0
cekfakta-36767,Rekaman Video Tenggelamnya KMP Virgo 8 pada 5 September,hoax,claim,CekFakta,https://cekfakta.com/focus/36767,2026-09-16,lainnya,fact_check,CekFakta API status=Salah; requires manual review,0
cekfakta-36768,Video Penemuan Jurnalis Hilang saat Liput Anak Krakatau,hoax,claim,CekFakta,https://cekfakta.com/focus/36768,2026-09-16,lainnya,fact_check,CekFakta API status=Salah; requires manual review,0
cekfakta-36727,"Video ""Laut Merak Kering Imbas Erupsi Gunung Anak Krakatau""",hoax,claim,CekFakta,https://cekfakta.com/focus/36727,2026-09-17,bencana_cuaca,fact_check,CekFakta API status=Salah; requires manual review,0
cekfakta-36728,Hoaks Artikel Menkeu Suahasil Terlibat Korupsi 500 Triliun,hoax,claim,CekFakta,https://cekfakta.com/focus/36728,2026-09-17,politik,fact_check,CekFakta API status=Salah; requires manual review,0
cekfakta-36734,Tidak Benar Link Ini untuk Pendaftaran PKH Ibu Hamil 2026,hoax,claim,CekFakta,https://cekfakta.com/focus/36734,2026-09-17,bantuan_sosial,fact_check,CekFakta API status=Salah; requires manual review,0
cekfakta-36735,Hoaks Link Pendaftaran Pendamping Lokal Desa Kemendes 2026,hoax,claim,CekFakta,https://cekfakta.com/focus/36735,2026-09-17,lainnya,fact_check,CekFakta API status=Salah; requires manual review,0
cekfakta-36769,Link Pendaftaran Penyaluran Bansos Beras 30 Kg 2026,hoax,claim,CekFakta,https://cekfakta.com/focus/36769,2026-09-17,bantuan_sosial,fact_check,CekFakta API status=Salah; requires manual review,0
cekfakta-36770,Video Toko Disuruh Tutup sebab Dekat Kopdes Merah Putih,hoax,claim,CekFakta,https://cekfakta.com/focus/36770,2026-09-17,lainnya,fact_check,CekFakta API status=Salah; requires manual review,0
cekfakta-36741,Hoaks Video Menkeu Suahasil Umumkan Program Dana Hibah,hoax,claim,CekFakta,https://cekfakta.com/focus/36741,2026-09-18,lainnya,fact_check,CekFakta API status=Salah; requires manual review,0
cekfakta-36771,"Video Dapur SPPG di Lombok Tengah, NTB, Dibakar Warga",hoax,claim,CekFakta,https://cekfakta.com/focus/36771,2026-09-18,lainnya,fact_check,CekFakta API status=Salah; requires manual review,0
cekfakta-36772,Mengonsumsi Undur-Undur Dapat Menyembuhkan Diabetes,hoax,claim,CekFakta,https://cekfakta.com/focus/36772,2026-09-18,lainnya,fact_check,CekFakta API status=Salah; requires manual review,0
cekfakta-36773,Artikel Menkeu Suahasil Terlibat Korupsi Rp500 Triliun,hoax,claim,CekFakta,https://cekfakta.com/focus/36773,2026-09-19,politik,fact_check,CekFakta API status=Salah; requires manual review,0
cekfakta-36777,Hoaks Artikel Nusron Wahid Sebut Jokowi Terima Uang Suap 700 Miliar,hoax,claim,CekFakta,https://cekfakta.com/focus/36777,2026-09-21,lainnya,fact_check,CekFakta API status=Salah; requires manual review,0
afp-C3JA6TA,"LGBT Agenda Elite Global,",hoax,claim,AFP Fact Check Indonesia,https://periksafakta.afp.com/doc.afp.com.C3JA6TA,2026-07-30,kesehatan,fact_check,AFP Periksa Fakta explicit false verdict; requires manual review,0
afp-C3N92ZQ,"Pajak sepeda bakal dipungut, Kemenhub buka wacana untuk bayar pajak.",hoax,claim,AFP Fact Check Indonesia,https://periksafakta.afp.com/doc.afp.com.C3N92ZQ,2026-07-31,teknologi,fact_check,AFP Periksa Fakta explicit false verdict; requires manual review,0
afp-C43B9ZV,"Mulai 2027 Pengguna HP akan dikenakan pajak! Ini kata Bahlil Lahadalia,",hoax,claim,AFP Fact Check Indonesia,https://periksafakta.afp.com/doc.afp.com.C43B9ZV,2026-08-07,teknologi,fact_check,AFP Periksa Fakta explicit false verdict; requires manual review,0
afp-C43D2T4,"Indonesia Meluncurkan Prototipe Vaksin DBD Berbasis Teknologi MRNA yg akan dikontrol A.I (Artificial Intelligence) dan akan merubah DNA ILAHI Hilang Dari Fitrah-NYA serta terputusnya signal spirituality ke Sang Pencipta,",hoax,claim,AFP Fact Check Indonesia,https://periksafakta.afp.com/doc.afp.com.C43D2T4,2026-08-07,kesehatan,fact_check,AFP Periksa Fakta explicit false verdict; requires manual review,0
afp-C4AR4CR,"Pemerintah berharap warung per toko di pedesaan ditutup, supaya masyarakat desa belanja di koperasi desa,",hoax,claim,AFP Fact Check Indonesia,https://periksafakta.afp.com/doc.afp.com.C4AR4CR,2026-08-10,politik,fact_check,AFP Periksa Fakta explicit false verdict; requires manual review,0
afp-C46U463,"Sebuah video viral memperlihatkan seorang migran asal Maroko merekam dirinya sendiri menggunakan tongkat selfie saat berenang menuju Ceuta, wilayah kantong Spanyol di Afrika Utara,",hoax,claim,AFP Fact Check Indonesia,https://periksafakta.afp.com/doc.afp.com.C46U463,2026-08-11,teknologi,fact_check,AFP Periksa Fakta explicit false verdict; requires manual review,0
afp-C4YU8NR,"Aksi massa di Sudirman memanas, barikade polisi dijebol di sekitar Tosari,",hoax,claim,AFP Fact Check Indonesia,https://periksafakta.afp.com/doc.afp.com.C4YU8NR,2026-08-20,bencana_cuaca,fact_check,AFP Periksa Fakta explicit false verdict; requires manual review,0
afp-C63B8NR,"HIV WAJIB ada & ditakuti untuk pasar obat ARV seumur hidup. LGBT dipelihara & diperbanyak untuk pasar obat ARV,",hoax,claim,AFP Fact Check Indonesia,https://periksafakta.afp.com/doc.afp.com.C63B8NR,2026-08-20,kesehatan,fact_check,AFP Periksa Fakta explicit false verdict; requires manual review,0
afp-C67B39E,"Tsunami terjang Labuhan Bajo !!! Detik-detik tsunami sempat terjang Labuan Bajo usai Gempa M7,7,",hoax,claim,AFP Fact Check Indonesia,https://periksafakta.afp.com/doc.afp.com.C67B39E,2026-08-21,bencana_cuaca,fact_check,AFP Periksa Fakta explicit false verdict; requires manual review,0
afp-C67T6KE,"Tahukah kamu? Begini cara paus biru menyusui anaknya di bawah laut,",hoax,claim,AFP Fact Check Indonesia,https://periksafakta.afp.com/doc.afp.com.C67T6KE,2026-08-21,teknologi,fact_check,AFP Periksa Fakta explicit false verdict; requires manual review,0
afp-C6L8869,Kanker serviks itu biasanya diderita oleh perempuan ketika umurnya lebih dari 50 tahun. Ngapain diberikan pada umur 12 tahun?,hoax,claim,AFP Fact Check Indonesia,https://periksafakta.afp.com/doc.afp.com.C6L8869,2026-08-27,kesehatan,fact_check,AFP Periksa Fakta explicit false verdict; requires manual review,0
afp-C6YK89E,"Asap Membungkam Suara Rimba, Salah satu satwa langkah Kalimantan harus di evakuasi ,",hoax,claim,AFP Fact Check Indonesia,https://periksafakta.afp.com/doc.afp.com.C6YK89E,2026-09-02,bencana_cuaca,fact_check,AFP Periksa Fakta explicit false verdict; requires manual review,0
afp-C7868T3,"Sudah mulai berdatangan dari Pati, Senayan diprediksi akan penuh menjelang massa aksi,",hoax,claim,AFP Fact Check Indonesia,https://periksafakta.afp.com/doc.afp.com.C7868T3,2026-09-03,teknologi,fact_check,AFP Periksa Fakta explicit false verdict; requires manual review,0
afp-C7DR9ZT,"Ternyata oh ternyata, Bendungannya di bom,",hoax,claim,AFP Fact Check Indonesia,https://periksafakta.afp.com/doc.afp.com.C7DR9ZT,2026-09-08,bencana_cuaca,fact_check,AFP Periksa Fakta explicit false verdict; requires manual review,0
afp-C7HH4KE,"Tanggal 27 Agustus. Demo besar-besaran di DPR RI. Doa kami selalu menyertai kalian, demi bangsa dan tanah air,",hoax,claim,AFP Fact Check Indonesia,https://periksafakta.afp.com/doc.afp.com.C7HH4KE,2026-09-08,politik,fact_check,AFP Periksa Fakta explicit false verdict; requires manual review,0
afp-C7E489E,"Ngeri! Longsor hebat picu banjir bandang di Nepal, ratusan WNA dilaporkan hilang,",hoax,claim,AFP Fact Check Indonesia,https://periksafakta.afp.com/doc.afp.com.C7E489E,2026-09-09,bencana_cuaca,fact_check,AFP Periksa Fakta explicit false verdict; requires manual review,0
afp-C7HQ8T8,Rahasia di Balik Fenomena El Nino dan Pengaruh Gelombang Frekuensi pada Cuaca!,hoax,claim,AFP Fact Check Indonesia,https://periksafakta.afp.com/doc.afp.com.C7HQ8T8,2026-09-09,politik,fact_check,AFP Periksa Fakta explicit false verdict; requires manual review,0
afp-C7QM7CW,"Suara dentuman keras! Anak Krakatau kembali bikin warga geger,",hoax,claim,AFP Fact Check Indonesia,https://periksafakta.afp.com/doc.afp.com.C7QM7CW,2026-09-10,teknologi,fact_check,AFP Periksa Fakta explicit false verdict; requires manual review,0
afp-C7RB2CQ,"Mengingat abu vulkanik Krakatao sudah mulai mengarah ke provinsi Lampung, jangan lupa pakai masker ketika harus beraktivitas keluar rumah,",hoax,claim,AFP Fact Check Indonesia,https://periksafakta.afp.com/doc.afp.com.C7RB2CQ,2026-09-11,bencana_cuaca,fact_check,AFP Periksa Fakta explicit false verdict; requires manual review,0
afp-C7VL29F,"Percaya ataut idak percaya, suka atau tidak suka, tempat-tempat ibadah atau pun rumah sekolah yang beragama Islam banyak yang selamat dari banjir Nepal,",hoax,claim,AFP Fact Check Indonesia,https://periksafakta.afp.com/doc.afp.com.C7VL29F,2026-09-14,bencana_cuaca,fact_check,AFP Periksa Fakta explicit false verdict; requires manual review,0
bank_indonesia-sp_2817126,"Karya Kreatif Indonesia 2026: Olah Limbah, Ciptakan Nilai Tambah. No.28/171/DKom Pengelolaan limbah menjadi tantangan sekaligus peluang dalam mendorong transformasi ekonomi berkelanjutan.. Sistem Informasi Pengelolaan Sampah Nasional mencatat timbulan sampah pada 2025 mencapai 24,8 juta ton per tahun dari 244 kabupaten/kota.",valid,headline_and_primary_statement,Bank Indonesia,https://www.bi.go.id/id/publikasi/ruang-media/news-release/Pages/sp_2817126.aspx,2026-08-23,ekonomi,primary_source,Official Bank Indonesia release; requires manual review,0
bank_indonesia-sp_2817226,"Karya Kreatif Indonesia 2026: UMKM Indonesia Makin Berdaya, Makin Mendunia. ​ No.28/172/DKom Karya Kreatif Indonesia (KKI) kembali mencatatkan capaian gemilang.. Gelaran sinergi memperkuat UMKM Indonesia ini mencatat penjualan sementara sebesar Rp144,2 miliar sampai dengan 22 Agustus 2026, atau meningkat 46% dibandingkan capaian 2025.",valid,headline_and_primary_statement,Bank Indonesia,https://www.bi.go.id/id/publikasi/ruang-media/news-release/Pages/sp_2817226.aspx,2026-08-23,teknologi,primary_source,Official Bank Indonesia release; requires manual review,0
bank_indonesia-sp_2817326,"Sinergi Kebijakan Lintas Negara Kunci Jaga Stabilitas di Tengah Disrupsi Teknologi. ​ No.28/173/DKom ​ Sinergi kebijakan lintas otoritas dan lintas negara berperan krusial agar bank sentral mampu menjaga stabilitas makrofinansial sekaligus mengarahkan pemanfaatan teknologi bagi kesejahteraan masyarakat.. Pernyataan tersebut disampaikan Deputi Gubernur Bank Indonesia, Thomas Djiwandono, saat menutup Biennial Policy Conference (BPC) di Bali, 26–27 Agustus 2026.",valid,headline_and_primary_statement,Bank Indonesia,https://www.bi.go.id/id/publikasi/ruang-media/news-release/Pages/sp_2817326.aspx,2026-08-31,ekonomi,primary_source,Official Bank Indonesia release; requires manual review,0
bank_indonesia-sp_2817426,"Bantuan Kemanusiaan Bank Indonesia Bagi Korban Gempa Bumi Nusa Tenggara Timur. No.28/174/DKom Bank Indonesia memberikan 32,5 ton bantuan kemanusiaan untuk korban dan masyarakat terdampak gempa bumi di Nusa Tenggara Timur (NTT), termasuk masyarakat di Pulau Palue, Kabupaten Sikka, Kabupaten Ende, dan Kabupaten Nagekeo.. Bantuan disalurkan melalui jalur udara bersinergi dengan Badan Nasional Penanggulangan Bencana (BNPB) dan Tentara Nasional Indonesia Angkatan Udara (TNI AU).",valid,headline_and_primary_statement,Bank Indonesia,https://www.bi.go.id/id/publikasi/ruang-media/news-release/Pages/sp_2817426.aspx,2026-08-31,ekonomi,primary_source,Official Bank Indonesia release; requires manual review,0
bank_indonesia-sp_2817526,Bank Indonesia dan the Monetary Authority of Singapore Implementasikan Penggunaan Mata Uang Lokal dalam Transaksi Bilateral. ​ No.28/175/DKom ​ ​ Bank Indonesia (BI) dan the Monetary Authority of Singapore (MAS) hari ini mengumumkan operasionalisasi kerangka penyelesaian transaksi bilateral antara Indonesia dan Singapura menggunakan mata uang lokal masing-masing negara ( Local Currency Transaction /LCT) (31/8).. Pengumuman ini merupakan tindak lanjut dari Nota Kesepahaman yang ditandatangani pada Agustus 20​22 dan Pedoman Operasional yang disepakati kedua bank sentral pada April 2026.,valid,headline_and_primary_statement,Bank Indonesia,https://www.bi.go.id/id/publikasi/ruang-media/news-release/Pages/sp_2817526.aspx,2026-08-31,ekonomi,primary_source,Official Bank Indonesia release; requires manual review,0
bank_indonesia-sp_2817626,"IHK Agustus 2026 Tetap Terjaga. ​ No.28/176/DKom Inflasi Indeks Harga Konsumen (IHK) pa da Agustus 2026 terjaga dalam kisaran sasaran 2,5±1%.. Berdasarkan data Badan Pusat Statistik, IHK pada Agustus 2026 tercatat mengalami inflasi sebesar 0,21% (mtm), sehingga secara tahunan IHK mengalami inflasi sebesar 3,19% (yoy).",valid,headline_and_primary_statement,Bank Indonesia,https://www.bi.go.id/id/publikasi/ruang-media/news-release/Pages/sp_2817626.aspx,2026-09-01,ekonomi,primary_source,Official Bank Indonesia release; requires manual review,0
bank_indonesia-sp_2817726,"Neraca Perdagangan Juli 2026 Mencatat Surplus. ​ No.28/177/DKom Berdasarkan data Badan Pusat Statistik (BPS), neraca perdagangan Indonesia pada Juli 2026 mencatat surplus sebesar 0,12 miliar dolar AS, setelah mencatat defisit pada bulan sebelumnya sebesar 0,45 miliar dolar AS.. Dengan perkembangan ini, neraca perdagangan Indonesia periode Januari-Juli 2026 secara kumulatif mencatat surplus sebesar 3,70 miliar dolar AS.",valid,headline_and_primary_statement,Bank Indonesia,https://www.bi.go.id/id/publikasi/ruang-media/news-release/Pages/sp_2817726.aspx,2026-09-01,ekonomi,primary_source,Official Bank Indonesia release; requires manual review,0
bank_indonesia-sp_2817826,"Pelantikan Anggota Dewan Gubernur Bank Indonesia. 28/178/DKom Pada hari ini, Rabu, 2 September 2026, Ketua Mahkamah Agung, Republik Indonesia, Prof.. Sunarto, S.H., M.H. melantik Destry Damayanti sebagai Gubernur Bank Indonesia, Aida S.",valid,headline_and_primary_statement,Bank Indonesia,https://www.bi.go.id/id/publikasi/ruang-media/news-release/Pages/sp_2817826.aspx,2026-09-02,ekonomi,primary_source,Official Bank Indonesia release; requires manual review,0
bank_indonesia-sp_2817926,"G20 Dorong Penguatan Stabilitas Ekonomi untuk Dorong Investasi dan Pertumbuhan Dunia Usaha. No.28/179/DKom Stabilitas ekonomi dan kepastian kebijakan menjadi fondasi penting untuk mendorong investasi, memperluas kesempatan kerja, dan memperkuat pertumbuhan dunia usaha di tengah ketidakpastian global.. Hal tersebut dikemukakan Deputi Gubernur Bank Indonesia, Filianingsih Hendarta, dalam pertemuan Menteri Keuangan dan Gubernur Bank Sentral G20 ( G20 Finance Ministers and Central Bank Governors Meeting /G20 FMCBG) yang berlangsung 31 Agustus–1 September 2026 di Amerika Serikat.",valid,headline_and_primary_statement,Bank Indonesia,https://www.bi.go.id/id/publikasi/ruang-media/news-release/Pages/sp_2817926.aspx,2026-09-02,ekonomi,primary_source,Official Bank Indonesia release; requires manual review,0
bank_indonesia-sp_2818026,"Sinergi Merah Putih Jadi Kunci Optimalisasi Likuiditas Untuk Intermediasi. 28/180/DKom Bank Indonesia mendorong penguatan sinergi lintas lembaga agar likuiditas perbankan semakin efektif mengalir menjadi pembiayaan bagi UMKM dan sektor prioritas untuk memperkuat ekspansi usaha, meningkatkan produktivitas, dan membuka lapangan kerja.. Langkah tersebut ditempuh melalui kebijakan yang lebih tertarget, seperti penyempurnaan Kebijakan Insentif Likuiditas Makroprudensial (KLM).",valid,headline_and_primary_statement,Bank Indonesia,https://www.bi.go.id/id/publikasi/ruang-media/news-release/Pages/sp_2818026.aspx,2026-09-03,ekonomi,primary_source,Official Bank Indonesia release; requires manual review,0
bank_indonesia-sp_2818126,"Cadangan Devisa Agustus 2026 Tetap Terjaga. ​ No.28/181/DKom Posisi cadangan devisa Indonesia pada akhir Agustus 2026 tetap terjaga sebesar 146,5 miliar dolar AS, meningkat dibandingkan dengan posisi akhir Juli 2026 sebesar 145,3 miliar dolar AS.. Perkembangan posisi cadangan devisa Agustus 2026 tersebut dipengaruhi terutama oleh penerimaan pajak dan jasa serta penarikan pinjaman luar negeri pemerintah, di tengah pembayaran utang luar negeri pemerintah dan kebijakan stabilisasi nilai tukar Rupiah Bank Indonesia sebagai respons terhadap ketidakpastian pasar keuangan global yang tetap tinggi.",valid,headline_and_primary_statement,Bank Indonesia,https://www.bi.go.id/id/publikasi/ruang-media/news-release/Pages/sp_2818126.aspx,2026-09-07,ekonomi,primary_source,Official Bank Indonesia release; requires manual review,0
bank_indonesia-sp_2818226,"Uang Primer Adjusted Agustus 2026 Tumbuh 16,3% (yoy). ​ No.28/182/DKom Uang Primer (M0) Adjusted [1] pada Agustus 2026 tumbuh 16,3% (yoy), melanjutkan pertumbuhan pada Juli 2026 sebesar 17,1% (yoy) sehingga tercatat sebesar Rp2.281,5 triliun.. Perkembangan ini dipengaruhi oleh pertumbuhan giro bank umum di Bank Indonesia adjusted sebesar 19,0% (yoy) dan uang kartal yang diedarkan sebesar 12,9% (yoy).",valid,headline_and_primary_statement,Bank Indonesia,https://www.bi.go.id/id/publikasi/ruang-media/news-release/Pages/sp_2818226.aspx,2026-09-07,ekonomi,primary_source,Official Bank Indonesia release; requires manual review,0
bank_indonesia-sp_2818326,"Survei Konsumen Agustus 2026: Keyakinan Konsumen Meningkat. No.28/183/DKom Survei Konsumen Bank Indonesia pada Agustus 2026 mengindikasikan keyakinan konsumen terhadap kondisi ekonomi meningkat dibandingkan dengan Juli 2026.. Hal ini tecermin dari Indeks Keyakinan Konsumen (IKK) Agustus 2026 yang berada pada level optimis (indeks >100) sebesar 118,5, lebih tinggi dibandingkan dengan indeks Juli 2026 sebesar 116,8.",valid,headline_and_primary_statement,Bank Indonesia,https://www.bi.go.id/id/publikasi/ruang-media/news-release/Pages/sp_2818326.aspx,2026-09-09,ekonomi,primary_source,Official Bank Indonesia release; requires manual review,0
bank_indonesia-sp_2818426,"Survei Penjualan Eceran Agustus 2026: Penjualan Eceran Diprakirakan Tetap Tumbuh. Pertumbuhan penjualan eceran tersebut terutama ditopang oleh penjualan Kelompok Suku Cadang dan Aksesori, diikuti oleh Kelompok Makanan, Minuman, dan Tembakau.. Perkembangan tersebut dipengaruhi terutama oleh penurunan penjualan Kelompok Barang Lainnya di tengah pertumbuhan penjualan Kelompok Peralatan Informasi dan Komunikasi, Kelompok Bahan Bakar Kendaraan Bermotor, serta Kelompok Suku Cadang dan Aksesori.",valid,headline_and_primary_statement,Bank Indonesia,https://www.bi.go.id/id/publikasi/ruang-media/news-release/Pages/sp_2818426.aspx,2026-09-10,teknologi,primary_source,Official Bank Indonesia release; requires manual review,0
bank_indonesia-sp_2818526,"Posisi Kewajiban Neto Investasi Internasional Indonesia Triwulan II 2026 Menurun. No.28/185/DKom Posisi Investasi Internasional (PII) Indonesia pada triwulan I I 2026 mencatat kewajiban neto yang menurun .. Pada akhir triwulan II 2026, PII Indonesia mencatat kewajiban neto sebesar 197,4 miliar dolar AS, turun dibandingkan dengan kewajiban neto pada akhir triwulan I 2026 sebesar 223,0 miliar dolar AS.",valid,headline_and_primary_statement,Bank Indonesia,https://www.bi.go.id/id/publikasi/ruang-media/news-release/Pages/sp_2818526.aspx,2026-09-10,lainnya,primary_source,Official Bank Indonesia release; requires manual review,0
bank_indonesia-sp_2818626,BRICS Perkuat Penggunaan Mata Uang Lokal untuk Hadapi Ketidakpastian Ekonomi Global. No.28/186/DKom Ketidakpastian ekonomi global mendorong negara-negara BRICS memperkuat kerja sama penggunaan mata uang lokal dan konektivitas pembayaran lintas negara.. Upaya tersebut diarahkan untuk menghasilkan kerja sama ekonomi dan keuangan yang konkret serta memberikan manfaat nyata.,valid,headline_and_primary_statement,Bank Indonesia,https://www.bi.go.id/id/publikasi/ruang-media/news-release/Pages/sp_2818626.aspx,2026-09-11,ekonomi,primary_source,Official Bank Indonesia release; requires manual review,0
bank_indonesia-sp_2818726,"Kajian Stabilitas Keuangan 47: Menjaga Resiliensi Sistem Keuangan, Memperkuat Momentum Pertumbuhan Ekonomi. 28/187/DKom Di tengah meningkatnya ketidakpastian global, sistem keuangan Indonesia tetap kuat dan solid, pertumbuhan ekonomi tetap baik, dan stabilitas makroekonomi tetap terjaga.. Layaknya akar bambu yang kokoh untuk bertahan menghadapi tekanan namun lentur mengikuti arah angin, demikian pula sistem keuangan kita dengan fundamental ekonomi yang kuat dalam menghadapi guncangan, namun tetap responsif dan adaptif terhadap perubahan yang terjadi.",valid,headline_and_primary_statement,Bank Indonesia,https://www.bi.go.id/id/publikasi/ruang-media/news-release/Pages/sp_2818726.aspx,2026-09-15,ekonomi,primary_source,Official Bank Indonesia release; requires manual review,0
bank_indonesia-sp_2818826,"Utang Luar Negeri Indonesia Juli 2026 Tetap Terjaga. No.28/188/DKom Posisi Utang Luar Negeri (ULN) Indonesia pada Juli 2026 tetap terjaga.. Posisi ULN Indonesia pada Juli 2026 tercatat sebesar 454,8 miliar dolar AS, relatif stabil dibandingkan dengan posisi pada Juni 2026 sebesar 454,5 miliar dolar AS.",valid,headline_and_primary_statement,Bank Indonesia,https://www.bi.go.id/id/publikasi/ruang-media/news-release/Pages/sp_2818826.aspx,2026-09-15,ekonomi,primary_source,Official Bank Indonesia release; requires manual review,0
bank_indonesia-sp_2818926,"Gubernur BI Lantik Pemimpin Satuan Kerja Bank Indonesia. ​ No.28/189/DKom Gubernur Bank Indonesia, Destry Damayanti, melantik Mal Isnaini S.. Meyyanti, yang sebelumnya menjabat sebagai Kepala Departemen Manajemen Strategis dan Tata Kelola, menjadi Kepala Departemen Kebijakan Makroprudensial, pada tanggal 15 September 2026 di Jakarta.",valid,headline_and_primary_statement,Bank Indonesia,https://www.bi.go.id/id/publikasi/ruang-media/news-release/Pages/sp_2818926.aspx,2026-09-15,ekonomi,primary_source,Official Bank Indonesia release; requires manual review,0
bank_indonesia-sp_2819026,"Perkuat Kepercayaan di Era Digital, Bank Indonesia Dorong Kolaborasi Lintas Negara. 28/190/DKom Kepercayaan masyarakat menjadi fondasi utama bagi kemajuan ekonomi digital.. Seiring perkembangan sistem pembayaran yang semakin cepat, terhubung, dan lintas batas, penguatan tata kelola dan pelindungan konsumen menjadi semakin penting.",valid,headline_and_primary_statement,Bank Indonesia,https://www.bi.go.id/id/publikasi/ruang-media/news-release/Pages/sp_2819026.aspx,2026-09-17,ekonomi,primary_source,Official Bank Indonesia release; requires manual review,0
bmkg-bmkg-dan-bakamla-ri-berkolaborasi-dalam-mendukung-keselamatan-dan-keamanan-maritim,"BMKG dan Bakamla RI Berkolaborasi Dalam Mendukung Keselamatan dan Keamanan Maritim. Badan Meteorologi, Klimatologi, dan Geofisika (BMKG) terus memperkuat sinergi strategis dengan Badan Keamanan Laut Republik Indonesia (Bakamla RI) guna mendukung keselamatan dan keamanan di wilayah perairan Indonesia.. Komitmen tersebut ditegaskan Kepala BMKG, Prof.",valid,headline_and_primary_statement,BMKG,https://www.bmkg.go.id/berita/utama/bmkg-dan-bakamla-ri-berkolaborasi-dalam-mendukung-keselamatan-dan-keamanan-maritim,2026-08-31,bencana_cuaca,primary_source,Official BMKG article; requires manual review,0
bmkg-bmkg-bengkulu-rakor-karhutla-perkuat-early-warning-dan-pencegahan-dini,"Hadiri Rakor Pengendalian Karhutla, BMKG Bengkulu Dorong Langkah Mitigasi dan Pencegahan Dini Karhutla. Stasiun Klimatologi Bengkulu Badan Meteorologi, Klimatologi, dan Geofisika (BMKG) menghadiri Rapat Koordinasi (Rakor) lintas sektoral dalam rangka pengendalian Kebakaran Hutan dan Lahan (Karhutla) di Gedung Aula Merah Putih, Kantor Gubernur Bengkulu, Selasa (1/9/2026).. Kegiatan ini dilaksanakan sebagai tindak lanjut peringatan dini BMKG terkait potensi kemarau panjang akibat fenomena El Nino dengan intensitas sangat kuat.",valid,headline_and_primary_statement,BMKG,https://www.bmkg.go.id/berita/daerah/bmkg-bengkulu-rakor-karhutla-perkuat-early-warning-dan-pencegahan-dini,2026-09-01,bencana_cuaca,primary_source,Official BMKG article; requires manual review,0
bmkg-bmkg-gelar-pengukuhan-dewan-pengurus-korpri-bmkg-masa-bakti-2023-2028,"BMKG Gelar Pengukuhan Dewan Pengurus KORPRI BMKG Masa Bakti 2023-2028. Badan Meteorologi, Klimatologi dan Geofisika (BMKG) menggelar upacara pengukuhan susunan personalia Dewan Pengurus Korps Pegawai Republik Indonesia (KORPRI) BMKG Masa Bakti 2023-2028 di Auditorium BMKG, Jakarta, Selasa (1/9/2026).. Upacara pengukuhan yang dipimpin oleh Ketua Umum Dewan Pengurus KORPRI Nasional, Zudan Arif Fakrulloh, dihadiri oleh Kepala BMKG, Teuku Faisal Fathani beserta jajaran pimpinan BMKG dan pengurus KORPRI BMKG yang baru dikukuhkan.",valid,headline_and_primary_statement,BMKG,https://www.bmkg.go.id/berita/utama/bmkg-gelar-pengukuhan-dewan-pengurus-korpri-bmkg-masa-bakti-2023-2028,2026-09-01,bencana_cuaca,primary_source,Official BMKG article; requires manual review,0
bmkg-bmkg-hadiri-rdp-komisi-v-dpr-ri-bahas-evaluasi-dan-penyesuaian-anggaran-2026-serta-penetapan-rka-k-l-2027,"BMKG Hadiri RDP Komisi V DPR RI, Bahas Evaluasi dan Penyesuaian Anggaran 2026 serta Penetapan RKA K/L 2027. Badan Meteorologi, Klimatologi, dan Geofisika (BMKG) menghadiri Rapat Dengar Pendapat (RDP) bersama Komisi V DPR RI di Jakarta.. Agenda utama RDP ini berfokus pada evaluasi pelaksanaan program dan anggaran tahun 2026, sekaligus pembahasan Rencana Kerja dan Anggaran Kementerian/Lembaga (RKA-KL) BMKG untuk tahun anggaran 2027.",valid,headline_and_primary_statement,BMKG,https://www.bmkg.go.id/berita/utama/bmkg-hadiri-rdp-komisi-v-dpr-ri-bahas-evaluasi-dan-penyesuaian-anggaran-2026-serta-penetapan-rka-k-l-2027,2026-09-01,politik,primary_source,Official BMKG article; requires manual review,0
bmkg-forum-konsultasi-publik-ptsp-bmkg-wujudkan-kemudahan-layanan-dan-tata-kelola-pnbp,"Forum Konsultasi Publik PTSP BMKG, Wujudkan Kemudahan Layanan dan Tata Kelola PNBP. Badan Meteorologi, Klimatologi, dan Geofisika (BMKG) mendorong akselerasi digitalisasi Pelayanan Terpadu Satu Pintu (PTSP) untuk menghadirkan layanan yang lebih cepat, mudah, transparan, dan akuntabel.. Langkah tersebut dibahas melalui Forum Konsultasi Publik (FKP) PTSP BMKG Tahun 2026 yang digelar secara hybrid di Jakarta, Rabu (2/9), dengan melibatkan pengguna layanan dan mitra kerja.",valid,headline_and_primary_statement,BMKG,https://www.bmkg.go.id/berita/kegiatan/forum-konsultasi-publik-ptsp-bmkg-wujudkan-kemudahan-layanan-dan-tata-kelola-pnbp,2026-09-02,bencana_cuaca,primary_source,Official BMKG article; requires manual review,0
bmkg-lantik-pejabat-pimpinan-tinggi-pratama-bmkg-tekankan-integritas-dan-kinerja-nyata,"Lantik Pejabat Pimpinan Tinggi Pratama, BMKG Tekankan Integritas dan Kinerja Nyata. Badan Meteorologi, Klimatologi, dan Geofisika (BMKG) melantik dua Pejabat Pimpinan Tinggi Pratama di lingkungan BMKG, yakni Agi Wandala Putra sebagai Direktur Meteorologi Maritim dan Hartanto sebagai Direktur Instrumentasi dan Kalibrasi, Kamis (3/9).. Pelantikan tersebut menjadi momentum penguatan organisasi dan peningkatan kualitas layanan BMKG untuk mendukung keselamatan masyarakat serta pembangunan nasional.",valid,headline_and_primary_statement,BMKG,https://www.bmkg.go.id/berita/utama/lantik-pejabat-pimpinan-tinggi-pratama-bmkg-tekankan-integritas-dan-kinerja-nyata,2026-09-03,bencana_cuaca,primary_source,Official BMKG article; requires manual review,0
bmkg-bmkg-dan-pemkab-natuna-perkuat-observasi-maritim-untuk-dukung-keselamatan-di-wilayah-perbatasan,"BMKG dan Pemkab Natuna Perkuat Observasi Maritim untuk Dukung Keselamatan di Wilayah Perbatasan. Badan Meteorologi, Klimatologi, dan Geofisika (BMKG) bersama Pemerintah Kabupaten Natuna memperkuat sistem observasi maritim di wilayah perbatasan Indonesia melalui penyediaan lahan untuk pembangunan High Frequency Radar (HF Radar).. Penguatan tersebut ditandai dengan penandatanganan naskah perjanjian dan serah terima hibah antara Pemerintah Kabupaten Natuna dan BMKG di Kantor Pusat BMKG, Jakarta.",valid,headline_and_primary_statement,BMKG,https://www.bmkg.go.id/berita/utama/bmkg-dan-pemkab-natuna-perkuat-observasi-maritim-untuk-dukung-keselamatan-di-wilayah-perbatasan,2026-09-04,politik,primary_source,Official BMKG article; requires manual review,0
bmkg-siswa-smak-penabur-gading-serpong-matangkan-persiapan-osn-kebumian-di-bmkg,"Siswa SMAK Penabur Gading Serpong Matangkan Persiapan OSN Kebumian di BMKG. Siswa-siswi SMAK Penabur Gading Serpong berkunjung ke Badan Meteorologi, Klimatologi, dan Geofisika (BMKG) untuk melihat langsung penerapan ilmu kebumian yang selama ini mereka pelajari di sekolah.. Kunjungan ini menjadi ajang memperdalam pemahaman mereka, sebagai bekal menjelang pelaksanaan Olimpiade Sains Nasional (OSN) 2026 tingkat nasional pada 14–20 September 2026 mendatang.",valid,headline_and_primary_statement,BMKG,https://www.bmkg.go.id/berita/kegiatan/siswa-smak-penabur-gading-serpong-matangkan-persiapan-osn-kebumian-di-bmkg,2026-09-04,bencana_cuaca,primary_source,Official BMKG article; requires manual review,0
bmkg-dampak-el-nino-masih-perlu-diwaspadai-bmkg-perkuat-dukungan-pengendalian-karhutla,"Dampak El Niño Masih Perlu Diwaspadai, BMKG Perkuat Dukungan Pengendalian Karhutla. Badan Meteorologi, Klimatologi, dan Geofisika (BMKG) menegaskan bahwa September 2026 masih menjadi fase kritis kebakaran hutan dan lahan (karhutla) di Indonesia.. Kondisi cuaca kering yang masih dominan, pengaruh El Niño, serta tingginya jumlah titik panas (hotspot) menjadi faktor yang perlu terus diwaspadai oleh seluruh pemangku kepentingan.",valid,headline_and_primary_statement,BMKG,https://www.bmkg.go.id/berita/utama/dampak-el-nino-masih-perlu-diwaspadai-bmkg-perkuat-dukungan-pengendalian-karhutla,2026-09-07,bencana_cuaca,primary_source,Official BMKG article; requires manual review,0
bmkg-bmkg-sampaikan-pendalaman-rka-k-l-2027-dalam-rdp-bersama-dpr-ri,"BMKG Sampaikan Pendalaman RKA-K/L 2027 dalam RDP Bersama DPR RI. Badan Meteorologi, Klimatologi, dan Geofisika (BMKG) memaparkan pendalaman pembahasan Rencana Kerja dan Anggaran Kementerian/Lembaga (RKA-K/L) Tahun Anggaran 2027 berdasarkan Nota Keuangan dalam RAPBN Tahun Anggaran 2027 bersama Dewan Perwakilan Rakyat Republik Indonesia (DPR RI) melalui Rapat Dengar Pendapat (RDP).(8/9) Dalam paparannya,Sekretaris Utama BMKG,, Guswanto menyampaikan arah kebijakan dan rencana kerja Tahun Anggaran 2027 sebagai bagian dari pelaksanaan tugas dan fungsi BMKG serta dukungan terhadap prioritas pembangunan nasional.. Penyusunan RKA-K/L BMKG mengacu pada RPJMN 2025–2029, Renstra BMKG 2025–2029, dan Rencana Kerja Pemerintah (RKP) 2027.",valid,headline_and_primary_statement,BMKG,https://www.bmkg.go.id/berita/utama/bmkg-sampaikan-pendalaman-rka-k-l-2027-dalam-rdp-bersama-dpr-ri,2026-09-09,politik,primary_source,Official BMKG article; requires manual review,0
bmkg-perkuat-mitigasi-bencana-di-karanganyar-stasiun-geofisika-sleman-gelar-audiensi-dan-siapkan-sekolah-lapang-gempa-bumi,"Perkuat Mitigasi Bencana di Karanganyar, Stasiun Geofisika Sleman Gelar Audiensi dan Siapkan Sekolah Lapang Gempa Bumi. Dalam upaya memperkuat kesiapsiagaan masyarakat dan pemerintah daerah terhadap potensi bencana alam, tim Stasiun Geofisika Kelas I Sleman mengadakan audiens dan rapat koordinasi bersama Sekretaris Daerah (Sekda) Kabupaten Karanganyar beserta jajaran Organisasi Perangkat Daerah (OPD) terkait di Kantor Pemerintah Kabupaten Karanganyar, Selasa (8/9).. Audiensi tersebut digelar untuk menyampaikan gambaran dinamika cuaca dan iklim terkini, memaparkan pemetaan potensi risiko kegempaan di wilayah Karanganyar, serta mematangkan rencana pelaksanaan Sekolah Lapang Gempa bumi (SLG) di Kecamatan Jatiyoso.",valid,headline_and_primary_statement,BMKG,https://www.bmkg.go.id/berita/daerah/perkuat-mitigasi-bencana-di-karanganyar-stasiun-geofisika-sleman-gelar-audiensi-dan-siapkan-sekolah-lapang-gempa-bumi,2026-09-09,politik,primary_source,Official BMKG article; requires manual review,0
bmkg-sdit-bening-bogor-kunjungi-bmkg-kenali-cuaca-hingga-mitigasi-bencana,"SDIT Bening Bogor Kunjungi BMKG, Kenali Cuaca hingga Mitigasi Bencana. Badan Meteorologi, Klimatologi, dan Geofisika (BMKG) menerima kunjungan siswa-siswi SDIT Bening Bogor.. Kegiatan ini menjadi kesempatan bagi anak-anak untuk mengenal lebih dekat peran BMKG dalam memberikan informasi cuaca, iklim, dan bencana.",valid,headline_and_primary_statement,BMKG,https://www.bmkg.go.id/berita/kegiatan/sdit-bening-bogor-kunjungi-bmkg-kenali-cuaca-hingga-mitigasi-bencana,2026-09-09,bencana_cuaca,primary_source,Official BMKG article; requires manual review,0
bmkg-bmkg-perkuat-kolaborasi-dalam-pengembangan-teknologi-modifikasi-cuaca-melalui-asean-workshop-on-weather-modification-science-2026,"BMKG Perkuat Kolaborasi dalam Pengembangan Teknologi Modifikasi Cuaca Melalui ASEAN Workshop on Weather Modification Science 2026. Badan Meteorologi, Klimatologi, dan Geofisika (BMKG) terus memperkuat kerja sama di bidang modifikasi cuaca melalui penyelenggaraan ASEAN Workshop on Weather Modification Science and Emerging Technologies 2026 yang dibuka oleh Kepala BMKG, Teuku Faisal Fathani, di Auditorium BMKG, Kamis (10/09/2026).. Workshop ini mempertemukan para pakar, peneliti, praktisi, dan pembuat kebijakan dari negara-negara ASEAN dan digelar selama 3 hari secara hybrid pada 10-12 September 2026.",valid,headline_and_primary_statement,BMKG,https://www.bmkg.go.id/berita/utama/bmkg-perkuat-kolaborasi-dalam-pengembangan-teknologi-modifikasi-cuaca-melalui-asean-workshop-on-weather-modification-science-2026,2026-09-10,bencana_cuaca,primary_source,Official BMKG article; requires manual review,0
bmkg-dwp-bmkg-gelar-seminar-parenting-tegas-tanpa-harus-keras-berdayakan-peran-orang-tua-dalam-pengasuhan-anak,"DWP BMKG Gelar Seminar Parenting “Tegas Tanpa Harus Keras”, Berdayakan Peran Orang Tua dalam Pengasuhan Anak. Dharma Wanita Persatuan (DWP) BMKG menggelar seminar parenting bertema “Tegas Tanpa Harus Keras” yang dirangkaikan dengan pertemuan bulanan DWP BMKG, Kamis (10/9/2026).. Kegiatan yang diikuti anggota DWP BMKG dari seluruh Indonesia secara luring dan daring ini menjadi wadah silaturahmi sekaligus sarana berbagi pengetahuan untuk mendukung penguatan peran keluarga.",valid,headline_and_primary_statement,BMKG,https://www.bmkg.go.id/berita/kegiatan/dwp-bmkg-gelar-seminar-parenting-tegas-tanpa-harus-keras-berdayakan-peran-orang-tua-dalam-pengasuhan-anak,2026-09-10,bencana_cuaca,primary_source,Official BMKG article; requires manual review,0
bmkg-gempa-flores-m77-jadi-momentum-penguatan-mitigasi-bencana-berbasis-sains-dan-teknologi,"Gempa Flores M7,7 Jadi Momentum Penguatan Mitigasi Bencana Berbasis Sains dan Teknologi. Badan Meteorologi, Klimatologi, dan Geofisika (BMKG) menegaskan pentingnya penguatan mitigasi bencana berbasis sains, teknologi, dan data dalam menghadapi tingginya risiko kebencanaan di Indonesia.. Pembelajaran dari Gempa Flores berkekuatan magnitudo 7,7 yang terjadi pada 15 Agustus 2026 menjadi momentum untuk memperkuat sistem peringatan dini, kesiapsiagaan masyarakat, serta pembangunan infrastruktur yang lebih tangguh terhadap bencana.",valid,headline_and_primary_statement,BMKG,https://www.bmkg.go.id/berita/utama/gempa-flores-m77-jadi-momentum-penguatan-mitigasi-bencana-berbasis-sains-dan-teknologi,2026-09-11,bencana_cuaca,primary_source,Official BMKG article; requires manual review,0
bmkg-bmkg-laksanakan-survei-meteo-oseanografi-terpadu-di-selat-sunda-untuk-perkuat-akurasi-layanan-maritim,"BMKG Laksanakan Survei Meteo-Oseanografi Terpadu di Selat Sunda untuk Perkuat Akurasi Layanan Maritim. Badan Meteorologi, Klimatologi, dan Geofisika (BMKG) melaksanakan Survei Meteo-Oseanografi Terpadu Selat Sunda pada 14–25 September 2026.. Kegiatan yang dipimpin Direktorat Meteorologi Maritim ini merupakan bagian dari upaya memperkuat sistem observasi dan prakiraan meteorologi-oseanografi guna mendukung keselamatan pelayaran serta meningkatkan kualitas layanan informasi cuaca dan kondisi laut di wilayah perairan Indonesia.",valid,headline_and_primary_statement,BMKG,https://www.bmkg.go.id/berita/utama/bmkg-laksanakan-survei-meteo-oseanografi-terpadu-di-selat-sunda-untuk-perkuat-akurasi-layanan-maritim,2026-09-14,bencana_cuaca,primary_source,Official BMKG article; requires manual review,0
bmkg-bmkg-tekankan-pentingnya-informasi-iklim-dalam-perencanaan-produksi-dan-distribusi-pupuk-nasional,"BMKG Tekankan Pentingnya Informasi Iklim dalam Perencanaan Produksi dan Distribusi Pupuk Nasional. Badan Meteorologi, Klimatologi, dan Geofisika (BMKG) menegaskan pentingnya pemanfaatan informasi iklim sebagai dasar pengambilan keputusan di sektor pertanian guna mendukung ketahanan dan kedaulatan pangan nasional.. Informasi iklim dapat dimanfaatkan untuk menentukan waktu tanam yang tepat, memilih komoditas yang sesuai, mengelola kebutuhan air, hingga mengantisipasi risiko gagal panen akibat cuaca dan iklim ekstrem.",valid,headline_and_primary_statement,BMKG,https://www.bmkg.go.id/berita/utama/bmkg-tekankan-pentingnya-informasi-iklim-dalam-perencanaan-produksi-dan-distribusi-pupuk-nasional,2026-09-14,bencana_cuaca,primary_source,Official BMKG article; requires manual review,0
bmkg-bmkg-paparkan-mitigasi-karhutla-dan-penanganan-pascagempa-flores-dalam-ratas-presiden,"BMKG Paparkan Mitigasi Karhutla dan Penanganan Pascagempa Flores dalam Ratas Presiden. Badan Meteorologi, Klimatologi, dan Geofisika (BMKG) melaporkan perkembangan penanganan kebakaran hutan dan lahan (karhutla), kondisi pascagempa Flores, serta dukungan informasi cuaca dan oseanografi dalam operasi pencarian dan penyelamatan kepada Presiden Republik Indonesia Prabowo Subianto dalam rapat terbatas yang digelar secara hybrid dari Istana Merdeka, Jakarta, Rabu (16/9/2026).. Dalam rapat tersebut, Kepala BMKG Teuku Faisal Fathani menjelaskan bahwa kondisi pascagempa Flores di Nusa Tenggara Timur saat ini relatif stabil sehingga proses rehabilitasi dan rekonstruksi dapat mulai dilakukan.",valid,headline_and_primary_statement,BMKG,https://www.bmkg.go.id/berita/utama/bmkg-paparkan-mitigasi-karhutla-dan-penanganan-pascagempa-flores-dalam-ratas-presiden,2026-09-17,politik,primary_source,Official BMKG article; requires manual review,0
bmkg-bmkg-perkuat-budaya-selamat-hadapi-ancaman-gempabumi-dan-tsunami-di-the-sanur,"BMKG Perkuat Budaya Selamat Hadapi Ancaman Gempabumi dan Tsunami. Badan Meteorologi, Klimatologi, dan Geofisika (BMKG) terus memperkuat kesiapsiagaan masyarakat dan pengelola kawasan dalam menghadapi potensi gempabumi dan tsunami.. Upaya tersebut diwujudkan melalui Sosialisasi dan Simulasi Gempabumi dan Tsunami yang dilaksanakan Stasiun Geofisika Denpasar bersama Badan Penanggulangan Bencana Daerah (BPBD) Kota Denpasar di Kawasan Ekonomi Khusus (KEK) The Sanur Bali, Senin (14/9).",valid,headline_and_primary_statement,BMKG,https://www.bmkg.go.id/berita/daerah/bmkg-perkuat-budaya-selamat-hadapi-ancaman-gempabumi-dan-tsunami-di-the-sanur,2026-09-17,ekonomi,primary_source,Official BMKG article; requires manual review,0
bmkg-tingkatkan-kesiapsiagaan-bencana-bmkg-perkuat-sinergi-dengan-pemkab-buleleng,"Tingkatkan Kesiapsiagaan Bencana, BMKG Perkuat Sinergi dengan Pemkab Buleleng. Badan Meteorologi, Klimatologi, dan Geofisika (BMKG) melalui Stasiun Geofisika Denpasar memperkuat koordinasi dengan Pemerintah Kabupaten Buleleng dalam upaya meningkatkan kesiapsiagaan dan pengurangan risiko bencana di wilayah Kabupaten Buleleng.. Penguatan sinergi tersebut dilakukan melalui audiensi dan koordinasi yang berlangsung di Kantor Bupati Buleleng, Kamis (17/9).",valid,headline_and_primary_statement,BMKG,https://www.bmkg.go.id/berita/daerah/tingkatkan-kesiapsiagaan-bencana-bmkg-perkuat-sinergi-dengan-pemkab-buleleng,2026-09-21,politik,primary_source,Official BMKG article; requires manual review,0
kemkes-kesehatan-masyarakat-terancam-kemenkes-dan-komdigi-kolaborasi-dengan-mitra-strategis-membangun-ekosistem-penanganan-hoaks,"Kementerian Kesehatan bersama mitra lintas sektor meluncurkan Playbook Respons Cepat Penanganan Hoaks Kesehatan di Kantor Kementerian Kesehatan, Jakarta, Kamis (17/9), untuk merespons hoaks yang dinilai turut menekan cakupan imunisasi anak hingga memicu wabah campak dan polio di sejumlah daerah.. Kementerian Komunikasi dan Digital, Badan Pengawasan Obat dan Makanan, Pokja Komunikasi Risiko dan Pemberdayaan masyarakat (RCCE), organisasi profesi, masyarakat sipil, platform digital, pakar, akademisi dan praktisi menjadi bagian penting dalam kolaborasi ini.",valid,primary_factual_statement,Kementerian Kesehatan RI,https://kemkes.go.id/id/kesehatan-masyarakat-terancam-kemenkes-dan-komdigi-kolaborasi-dengan-mitra-strategis-membangun-ekosistem-penanganan-hoaks,2026-09-18,politik,primary_source,Official Kementerian Kesehatan RI release; requires manual review,0
kemkes-lawan-hoaks-kesehatan-kemenkes-bangun-sistem-dan-kolaborasi-respons-cepat-,Kementerian Kesehatan (Kemenkes) memperkuat sistem penanganan hoaks kesehatan melalui peluncuran Playbook Respons Cepat Penanganan Hoaks Kesehatan.. Langkah ini dilakukan untuk menghadapi penyebaran disinformasi kesehatan yang semakin masif dan berdampak pada pengambilan keputusan masyarakat terkait kesehatan.,valid,primary_factual_statement,Kementerian Kesehatan RI,https://kemkes.go.id/id/lawan-hoaks-kesehatan-kemenkes-bangun-sistem-dan-kolaborasi-respons-cepat-,2026-09-17,politik,primary_source,Official Kementerian Kesehatan RI release; requires manual review,0
kemkes-4-dari-10-anak-sekolah-alami-gigi-berlubang-kemenkes-dorong-periksa-gigi-rutin,Kementerian Kesehatan (Kemenkes) RI mendorong penguatan upaya promotif dan preventif untuk menjaga kesehatan gigi dan mulut anak sejak dini.. Hal ini penting mengingat 41% anak sekolah yang diperiksa melalui program Cek Kesehatan Gratis (CKG) mengalami karies atau gigi berlubang.,valid,primary_factual_statement,Kementerian Kesehatan RI,https://kemkes.go.id/id/4-dari-10-anak-sekolah-alami-gigi-berlubang-kemenkes-dorong-periksa-gigi-rutin,2026-09-17,politik,primary_source,Official Kementerian Kesehatan RI release; requires manual review,0
kemkes-perkuat-sinergi-kesehatan-kemenkes-usung-tiga-prinsip-utama-one-plan-one-budget-one-evaluation,"Kementerian Kesehatan (Kemenkes) Republik Indonesia menyelenggarakan 4th Indonesia Health Partners Meeting (IHPM) di Jakarta, Selasa (15/9/2026).. Mengusung tema ""Moving from Partnership to Impact"", pertemuan tahunan ini menegaskan pentingnya mentransformasi kemitraan menjadi dampak nyata dan berkelanjutan bagi sistem kesehatan masyarakat.",valid,primary_factual_statement,Kementerian Kesehatan RI,https://kemkes.go.id/id/perkuat-sinergi-kesehatan-kemenkes-usung-tiga-prinsip-utama-one-plan-one-budget-one-evaluation,2026-09-15,politik,primary_source,Official Kementerian Kesehatan RI release; requires manual review,0
kemkes-menkes-kemitraan-kesehatan-harus-berujung-pada-dampak-nyata,"Menteri Kesehatan Budi Gunadi Sadikin menegaskan pentingnya mengubah kemitraan pembangunan kesehatan menjadi aksi nyata yang berdampak langsung bagi masyarakat.. Pesan tersebut disampaikan dalam The 4th Indonesia Health Partners Meeting (IHPM) 2026 di Shangri-La Hotel Jakarta, Selasa (15/9/2026).",valid,primary_factual_statement,Kementerian Kesehatan RI,https://kemkes.go.id/id/menkes-kemitraan-kesehatan-harus-berujung-pada-dampak-nyata,2026-09-15,politik,primary_source,Official Kementerian Kesehatan RI release; requires manual review,0
kemkes-usai-kajian-komnas-kipi-kemenkes-pastikan-bias-tetap-dilanjutkan-di-karo,"Kementerian Kesehatan (Kemenkes) memastikan pelaksanaan Bulan Imunisasi Anak Sekolah (BIAS) tetap dilanjutkan sesuai jadwal dan ketentuan yang berlaku.. Hal ini menyusul hasil investigasi dan kajian kausalitas terhadap laporan dugaan Kejadian Ikutan Pasca Imunisasi (KIPI) serius pada seorang siswi di Kabupaten Karo, Sumatera Utara, setelah menerima imunisasi Human Papillomavirus (HPV).",valid,primary_factual_statement,Kementerian Kesehatan RI,https://kemkes.go.id/id/usai-kajian-komnas-kipi-kemenkes-pastikan-bias-tetap-dilanjutkan-di-karo,2026-09-09,politik,primary_source,Official Kementerian Kesehatan RI release; requires manual review,0
kemkes-kemenkes-perkuat-pemantauan-kualitas-udara-hadapi-dampak-erupsi-anak-krakatau,"Kementerian Kesehatan (Kemenkes) RI terus memperkuat pemantauan kualitas udara menyusul erupsi Gunung Anak Krakatau dan sebaran abu vulkanik yang berdampak pada sejumlah wilayah.. Dante Saksono Harbuwono melakukan pemantauan kualitas udara secara langsung di sejumlah titik di Bandara Soekarno-Hatta, Tangerang, Banten, pada Rabu (9/9/2026).",valid,primary_factual_statement,Kementerian Kesehatan RI,https://kemkes.go.id/id/kemenkes-perkuat-pemantauan-kualitas-udara-hadapi-dampak-erupsi-anak-krakatau,2026-09-09,politik,primary_source,Official Kementerian Kesehatan RI release; requires manual review,0
kemkes-kemenkes-siagakan-413-rumah-sakit-dan-830-puskesmas-hadapi-dampak-erupsi-anak-krakatau,"Kementerian Kesehatan (Kemenkes) RI meningkatkan kesiapsiagaan kesehatan menyusul erupsi Gunung Anak Krakatau pada Jumat (4/9/2026) pukul 23.07 WIB yang berdampak pada wilayah Lampung, Banten, DKI Jakarta, dan Jawa Barat.. Berdasarkan pemantauan Kemenkes, wilayah terdampak abu vulkanik mencakup sekitar 23,36 juta jiwa.",valid,primary_factual_statement,Kementerian Kesehatan RI,https://kemkes.go.id/id/kemenkes-siagakan-413-rumah-sakit-dan-830-puskesmas-hadapi-dampak-erupsi-anak-krakatau,2026-09-07,politik,primary_source,Official Kementerian Kesehatan RI release; requires manual review,0
kemkes-kemenkes-kirim-160-nakes-batch-2-ke-ntt-perkuat-pemulihan-psikososial-korban-gempa,"Kementerian Kesehatan (Kemenkes) RI kembali mengirimkan Tenaga Cadangan Kesehatan (TCK) untuk mendukung pemulihan kesehatan masyarakat terdampak gempa bumi di Nusa Tenggara Timur (NTT).. Pelaksana Tugas (Plt.) Kepala Pusat Krisis Kesehatan Kemenkes, Sumarjaya, mengatakan penugasan TCK Batch 2 kali ini diarahkan untuk memperkuat layanan psikososial dan kesehatan mental masyarakat di wilayah terdampak.",valid,primary_factual_statement,Kementerian Kesehatan RI,https://kemkes.go.id/id/kemenkes-kirim-160-nakes-batch-2-ke-ntt-perkuat-pemulihan-psikososial-korban-gempa,2026-09-07,politik,primary_source,Official Kementerian Kesehatan RI release; requires manual review,0
kemkes-abu-vulkanik-anak-krakatau-menyebar-menkes-meminta-masyarakat-batasi-aktivitas-di-luar-rumah,"Imbauan tersebut disampaikan menyusul erupsi Gunung Anak Krakatau yang berstatus Siaga (Level III) dan berlangsung terus-menerus sejak Jumat (4/9/2026).. Paparan abu vulkanik terdeteksi menyebar ke wilayah Banten, DKI Jakarta, hingga Jawa Barat akibat embusan angin.",valid,primary_factual_statement,Kementerian Kesehatan RI,https://kemkes.go.id/id/abu-vulkanik-anak-krakatau-menyebar-menkes-meminta-masyarakat-batasi-aktivitas-di-luar-rumah,2026-09-06,bencana_cuaca,primary_source,Official Kementerian Kesehatan RI release; requires manual review,0
kemkes-tembus-jalur-ekstrem-nakes-tak-tinggalkan-warga-pelosok-ende-pascagempa,"Jalan pegunungan yang rusak, tebing dan jurang curam, hingga perjalanan laut selama dua jam tidak menghentikan langkah tenaga kesehatan (nakes) menjangkau masyarakat terdampak gempa di Kabupaten Ende, Nusa Tenggara Timur (NTT).. Di tengah keterbatasan akses dan sejumlah fasilitas kesehatan yang belum dapat berfungsi optimal, para nakes bersama relawan kesehatan terus bergerak dari desa ke desa untuk memastikan masyarakat, termasuk mereka yang tinggal di pelosok, tetap mendapatkan pelayanan kesehatan.",valid,primary_factual_statement,Kementerian Kesehatan RI,https://kemkes.go.id/id/tembus-jalur-ekstrem-nakes-tak-tinggalkan-warga-pelosok-ende-pascagempa,2026-09-05,bencana_cuaca,primary_source,Official Kementerian Kesehatan RI release; requires manual review,0
kemkes-wamenkes-dante-ajak-masyarakat-kenali-gejala-gangguan-jiwa,"Gangguan jiwa dapat dialami siapa saja, tanpa mengenal usia, jenis kelamin, maupun status ekonomi.. Dante Saksono Harbuwono mengatakan, kesehatan jiwa kerap tidak terlihat secara kasat mata sehingga banyak orang yang mengalami masalah kejiwaan tidak segera mendapatkan pertolongan.",valid,primary_factual_statement,Kementerian Kesehatan RI,https://kemkes.go.id/id/wamenkes-dante-ajak-masyarakat-kenali-gejala-gangguan-jiwa,2026-09-04,ekonomi,primary_source,Official Kementerian Kesehatan RI release; requires manual review,0
kemkes-pemerintah-tunjukan-inovasi-genomik-ri-ke-putri-mahkota-swedia,"Putri Mahkota Swedia, Victoria Ingrid Alice Désirée, yang juga merupakan Goodwill Ambassador for the Sustainable Development Goals, United Nations Development Programme (UNDP), mengunjungi Balai Besar Biomedis dan Genomika Kesehatan (BB Binomika) di Gedung Eijkman, RSCM, Jakarta, Jumat (4/9).. Kunjungan ini bertujuan meninjau langsung lompatan teknologi kedokteran presisi di Indonesia melalui program Biomedical and Genomic Science Initiative (BGSI).",valid,primary_factual_statement,Kementerian Kesehatan RI,https://kemkes.go.id/id/pemerintah-tunjukan-inovasi-genomik-ri-ke-putri-mahkota-swedia,2026-09-04,politik,primary_source,Official Kementerian Kesehatan RI release; requires manual review,0
kemkes-kemenkes-perkuat-dua-pilar-kegawatdaruratan-hadapi-krisis-bencana-,"Tingginya frekuensi krisis kesehatan akibat bencana alam dan kebutuhan pelayanan medis yang cepat mendorong Kementerian Kesehatan (Kemenkes) memperkuat tata kelola kegawatdaruratan medis nasional.. Reformasi ini bertumpu pada dua pilar utama, yaitu standardisasi Tim Medis Darurat (Emergency Medical Team/EMT) dan peningkatan tata kelola Instalasi Gawat Darurat (IGD) di rumah sakit.",valid,primary_factual_statement,Kementerian Kesehatan RI,https://kemkes.go.id/id/kemenkes-perkuat-dua-pilar-kegawatdaruratan-hadapi-krisis-bencana-,2026-09-04,politik,primary_source,Official Kementerian Kesehatan RI release; requires manual review,0
kemkes-kemenkes-luncurkan-seleksi-25-prodi-baru-rsppu-dan-serah-terima-54-ppds-batch-iv,"Kementerian Kesehatan (Kemenkes) RI meluncurkan seleksi 25 program studi (prodi) baru Program Pendidikan Dokter Spesialis (PPDS) berbasis rumah sakit atau Hospital-Based pada Rumah Sakit Pendidikan Penyelenggara Utama (RSPPU) Batch V.. Pada kesempatan yang sama, Kemenkes menyerahkan 54 peserta PPDS Batch IV kepada enam RSPPU untuk memulai pendidikan dokter spesialis, yang diselenggarakan di Auditorium Dr.",valid,primary_factual_statement,Kementerian Kesehatan RI,https://kemkes.go.id/id/kemenkes-luncurkan-seleksi-25-prodi-baru-rsppu-dan-serah-terima-54-ppds-batch-iv,2026-09-03,politik,primary_source,Official Kementerian Kesehatan RI release; requires manual review,0
kemkes-kemenkes-dan-ojk-perkuat-ekosistem-pembiayaan-kesehatan,"Kementerian Kesehatan (Kemenkes) RI bersama Otoritas Jasa Keuangan (OJK) terus memperkuat ekosistem pembiayaan kesehatan melalui kolaborasi antara industri asuransi dan fasilitas pelayanan kesehatan.. Sebanyak 50 perusahaan asuransi dan 70 rumah sakit menandatangani perjanjian kerja sama sebagai bagian dari upaya meningkatkan efisiensi, keberlanjutan, dan kualitas pembiayaan layanan kesehatan bagi masyarakat.",valid,primary_factual_statement,Kementerian Kesehatan RI,https://kemkes.go.id/id/kemenkes-dan-ojk-perkuat-ekosistem-pembiayaan-kesehatan,2026-09-03,politik,primary_source,Official Kementerian Kesehatan RI release; requires manual review,0
kemkes-antisipasi-pandemi-baru-indonesia-jadi-negara-ketiga-penguji-target-vaksin-100-hari,"Kementerian Kesehatan (Kemenkes) RI bersama Coalition for Epidemic Preparedness Innovations (CEPI) menggelar simulasi kesiapsiagaan menghadapi ancaman pandemi baru atau ""Penyakit X"" di Jakarta, Kamis (3/9).. Melalui Tabletop Exercise (TTX) bertajuk Misi 100 Hari, pemerintah menguji kecepatan respons nasional dalam pengembangan dan produksi vaksin dalam waktu 100 hari sejak patogen baru teridentifikasi.",valid,primary_factual_statement,Kementerian Kesehatan RI,https://kemkes.go.id/id/antisipasi-pandemi-baru-indonesia-jadi-negara-ketiga-penguji-target-vaksin-100-hari,2026-09-03,politik,primary_source,Official Kementerian Kesehatan RI release; requires manual review,0
kemkes-satusehat-rme-dukung-bpjs-kesehatan-wujudkan-pembiayaan-berbasis-mutu-dan-outcome,"Peluncuran SATUSEHAT Rekam Medis Elektronik (RME) menjadi langkah penting dalam membangun ekosistem data kesehatan nasional yang dapat dimanfaatkan tidak hanya untuk pelayanan pasien, tetapi juga untuk meningkatkan mutu pelayanan dan mendukung pembiayaan kesehatan berbasis value dan outcome.. Menteri Kesehatan RI Budi Gunadi Sadikin mengatakan, rekam medis elektronik yang terintegrasi akan memberikan manfaat bagi pasien, fasilitas pelayanan kesehatan, BPJS Kesehatan, maupun regulator.",valid,primary_factual_statement,Kementerian Kesehatan RI,https://kemkes.go.id/id/satusehat-rme-dukung-bpjs-kesehatan-wujudkan-pembiayaan-berbasis-mutu-dan-outcome,2026-09-01,politik,primary_source,Official Kementerian Kesehatan RI release; requires manual review,0
kemkes-pemerintah-buka-25-prodi-dokter-spesialis-hospital-based-prioritas-untuk-dokter-di-daerah-3t-,"Pemerintah terbitkan izin operasional bagi 25 program studi (prodi) baru Program Pendidikan Dokter Spesialis (PPDS) berbasis rumah sakit (hospital-based) sebagai afirmasi untuk para dokter di daerah 3T (Tertinggal, Terdepan, Terluar).. Kebijakan strategis ini disampaikan oleh Kepala Kantor Staf Kepresidenan (KSP), Dudung Abdurrahman seusai rapat Rapat Tingkat Menteri di Kantor Staf Presiden (KSP), Jakarta, pada Senin (31/8).",valid,primary_factual_statement,Kementerian Kesehatan RI,https://kemkes.go.id/id/pemerintah-buka-25-prodi-dokter-spesialis-hospital-based-prioritas-untuk-dokter-di-daerah-3t-,2026-08-31,politik,primary_source,Official Kementerian Kesehatan RI release; requires manual review,0
kemkes-kemenkes-siap-siaga-hadapi-dampak-karhutla-848-tenaga-kesehatan-dimobilisasi,Kementerian Kesehatan (Kemenkes) RI terus memperkuat respons kesehatan dalam menghadapi dampak kebakaran hutan dan lahan (Karhutla) yang terjadi di sejumlah wilayah Indonesia.. Upaya dilakukan untuk memastikan masyarakat terdampak tetap mendapatkan pelayanan kesehatan serta perlindungan dari risiko kesehatan akibat paparan asap.,valid,primary_factual_statement,Kementerian Kesehatan RI,https://kemkes.go.id/id/kemenkes-siap-siaga-hadapi-dampak-karhutla-848-tenaga-kesehatan-dimobilisasi,2026-08-29,politik,primary_source,Official Kementerian Kesehatan RI release; requires manual review,0
