id,text,label,text_source,evidence_source,evidence_url,published_at,topic,verification_method,notes,approved,rejection_reason,similarity,matched_id
cekfakta-36653,Tautan Link Pendaftaran Cek Kesehatan Gratis (CKG),hoax,claim,CekFakta,https://cekfakta.com/focus/36653,2026-09-15,kesehatan,fact_check,CekFakta API status=Salah; requires manual review,0,exact_duplicate,1.000000,cekfakta-36764
cekfakta-36656,Tautan Link Pendaftaran Cek Kesehatan Gratis (CKG),hoax,claim,CekFakta,https://cekfakta.com/focus/36656,2026-09-15,kesehatan,fact_check,CekFakta API status=Salah; requires manual review,0,exact_duplicate,1.000000,cekfakta-36764
cekfakta-36671,Tautan Link Pendaftaran Cek Kesehatan Gratis (CKG),hoax,claim,CekFakta,https://cekfakta.com/focus/36671,2026-09-15,kesehatan,fact_check,CekFakta API status=Salah; requires manual review,0,exact_duplicate,1.000000,cekfakta-36764
cekfakta-36672,Lowongan Kerja Cosmos Indonesia,hoax,claim,CekFakta,https://cekfakta.com/focus/36672,2026-09-15,teknologi,fact_check,CekFakta API status=Salah; requires manual review,0,exact_duplicate,1.000000,turnbackhoax-36672
cekfakta-36679,Prabowo Minta Guru Rahasiakan Keracunan MBG,hoax,claim,CekFakta,https://cekfakta.com/focus/36679,2026-09-15,lainnya,fact_check,CekFakta API status=Salah; requires manual review,0,exact_duplicate,1.000000,cekfakta-36765
cekfakta-36680,Kota Malang Sepakat Hentikan MBG,hoax,claim,CekFakta,https://cekfakta.com/focus/36680,2026-09-15,teknologi,fact_check,CekFakta API status=Salah; requires manual review,0,exact_duplicate,1.000000,turnbackhoax-36680
cekfakta-36681,Gibran Sebut Tidak Tahu Kasus Keracunan MBG,hoax,claim,CekFakta,https://cekfakta.com/focus/36681,2026-09-15,teknologi,fact_check,CekFakta API status=Salah; requires manual review,0,exact_duplicate,1.000000,turnbackhoax-36681
cekfakta-36682,Toko Harian Dipaksa Tutup karena Dekat dengan Kopdes,hoax,claim,CekFakta,https://cekfakta.com/focus/36682,2026-09-16,teknologi,fact_check,CekFakta API status=Salah; requires manual review,0,exact_duplicate,1.000000,turnbackhoax-36682
cekfakta-36697,Tautan Link Pendaftaran Cek Kesehatan Gratis (CKG),hoax,claim,CekFakta,https://cekfakta.com/focus/36697,2026-09-15,kesehatan,fact_check,CekFakta API status=Salah; requires manual review,0,exact_duplicate,1.000000,cekfakta-36764
cekfakta-36698,Prabowo Minta Guru Rahasiakan Keracunan MBG,hoax,claim,CekFakta,https://cekfakta.com/focus/36698,2026-09-16,lainnya,fact_check,CekFakta API status=Salah; requires manual review,0,exact_duplicate,1.000000,cekfakta-36765
cekfakta-36699,Pigai Sebut Penembakan ASN oleh KKB Tidak Melanggar HAM,hoax,claim,CekFakta,https://cekfakta.com/focus/36699,2026-09-16,teknologi,fact_check,CekFakta API status=Salah; requires manual review,0,exact_duplicate,1.000000,cekfakta-36766
cekfakta-36701,Tautan Lowongan Kerja Elabram Systems,hoax,claim,CekFakta,https://cekfakta.com/focus/36701,2026-09-16,teknologi,fact_check,CekFakta API status=Salah; requires manual review,0,exact_duplicate,1.000000,turnbackhoax-36701
cekfakta-36703,Rekaman Video Tenggelamnya KMP Virgo 8 pada 5 September,hoax,claim,CekFakta,https://cekfakta.com/focus/36703,2026-09-16,lainnya,fact_check,CekFakta API status=Salah; requires manual review,0,exact_duplicate,1.000000,cekfakta-36767
cekfakta-36704,Video Penemuan Jurnalis Hilang saat Liput Anak Krakatau,hoax,claim,CekFakta,https://cekfakta.com/focus/36704,2026-09-16,lainnya,fact_check,CekFakta API status=Salah; requires manual review,0,exact_duplicate,1.000000,cekfakta-36768
cekfakta-36705,Link Pendaftaran Penyaluran Bansos Beras 30 Kg 2026,hoax,claim,CekFakta,https://cekfakta.com/focus/36705,2026-09-17,bantuan_sosial,fact_check,CekFakta API status=Salah; requires manual review,0,exact_duplicate,1.000000,cekfakta-36769
cekfakta-36706,"Pembangunan IKN Dihentikan Sementara, Dana Dialihkan ke MBG dan Kopdes",hoax,claim,CekFakta,https://cekfakta.com/focus/36706,2026-09-16,teknologi,fact_check,CekFakta API status=Salah; requires manual review,0,exact_duplicate,1.000000,turnbackhoax-36706
cekfakta-36720,Megawati Sebut Dedi Mulyadi Belum Siap Jadi Presiden,hoax,claim,CekFakta,https://cekfakta.com/focus/36720,2026-09-14,politik,fact_check,CekFakta API status=Salah; requires manual review,0,exact_duplicate,1.000000,cekfakta-36763
cekfakta-36721,Tautan Link Pendaftaran Cek Kesehatan Gratis (CKG),hoax,claim,CekFakta,https://cekfakta.com/focus/36721,2026-09-15,kesehatan,fact_check,CekFakta API status=Salah; requires manual review,0,exact_duplicate,1.000000,cekfakta-36764
cekfakta-36722,Prabowo Minta Guru Rahasiakan Keracunan MBG,hoax,claim,CekFakta,https://cekfakta.com/focus/36722,2026-09-16,lainnya,fact_check,CekFakta API status=Salah; requires manual review,0,exact_duplicate,1.000000,cekfakta-36765
cekfakta-36723,Pigai Sebut Penembakan ASN oleh KKB Tidak Melanggar HAM,hoax,claim,CekFakta,https://cekfakta.com/focus/36723,2026-09-16,teknologi,fact_check,CekFakta API status=Salah; requires manual review,0,exact_duplicate,1.000000,cekfakta-36766
cekfakta-36724,Rekaman Video Tenggelamnya KMP Virgo 8 pada 5 September,hoax,claim,CekFakta,https://cekfakta.com/focus/36724,2026-09-16,lainnya,fact_check,CekFakta API status=Salah; requires manual review,0,exact_duplicate,1.000000,cekfakta-36767
cekfakta-36725,Video Penemuan Jurnalis Hilang saat Liput Anak Krakatau,hoax,claim,CekFakta,https://cekfakta.com/focus/36725,2026-09-16,lainnya,fact_check,CekFakta API status=Salah; requires manual review,0,exact_duplicate,1.000000,cekfakta-36768
cekfakta-36729,Malaysia Laporkan Indonesia ke PBB soal Karhutla,hoax,claim,CekFakta,https://cekfakta.com/focus/36729,2026-09-17,bencana_cuaca,fact_check,CekFakta API status=Salah; requires manual review,0,exact_duplicate,1.000000,turnbackhoax-36729
cekfakta-36730,Ojol Dilarang Beli Pertalite,hoax,claim,CekFakta,https://cekfakta.com/focus/36730,2026-09-17,politik,fact_check,CekFakta API status=Salah; requires manual review,0,exact_duplicate,1.000000,turnbackhoax-36730
cekfakta-36731,Tautan Pendaftaran Cek Kesehatan Gratis,hoax,claim,CekFakta,https://cekfakta.com/focus/36731,2026-09-17,kesehatan,fact_check,CekFakta API status=Salah; requires manual review,0,exact_duplicate,1.000000,turnbackhoax-36731
cekfakta-36737,Tautan Pendaftaran Program Bantuan Lansia,hoax,claim,CekFakta,https://cekfakta.com/focus/36737,2026-09-18,bantuan_sosial,fact_check,CekFakta API status=Salah; requires manual review,0,exact_duplicate,1.000000,turnbackhoax-36737
cekfakta-36738,Ada Kebijakan Razia Kendaraan dari Rumah ke Rumah,hoax,claim,CekFakta,https://cekfakta.com/focus/36738,2026-09-18,teknologi,fact_check,CekFakta API status=Salah; requires manual review,0,exact_duplicate,1.000000,turnbackhoax-36738
cekfakta-36747,Megawati Sebut Dedi Mulyadi Belum Siap Jadi Presiden,hoax,claim,CekFakta,https://cekfakta.com/focus/36747,2026-09-14,politik,fact_check,CekFakta API status=Salah; requires manual review,0,exact_duplicate,1.000000,cekfakta-36763
cekfakta-36748,Tautan Link Pendaftaran Cek Kesehatan Gratis (CKG),hoax,claim,CekFakta,https://cekfakta.com/focus/36748,2026-09-15,kesehatan,fact_check,CekFakta API status=Salah; requires manual review,0,exact_duplicate,1.000000,cekfakta-36764
cekfakta-36749,Prabowo Minta Guru Rahasiakan Keracunan MBG,hoax,claim,CekFakta,https://cekfakta.com/focus/36749,2026-09-16,lainnya,fact_check,CekFakta API status=Salah; requires manual review,0,exact_duplicate,1.000000,cekfakta-36765
cekfakta-36750,Pigai Sebut Penembakan ASN oleh KKB Tidak Melanggar HAM,hoax,claim,CekFakta,https://cekfakta.com/focus/36750,2026-09-16,teknologi,fact_check,CekFakta API status=Salah; requires manual review,0,exact_duplicate,1.000000,cekfakta-36766
cekfakta-36751,Rekaman Video Tenggelamnya KMP Virgo 8 pada 5 September,hoax,claim,CekFakta,https://cekfakta.com/focus/36751,2026-09-16,lainnya,fact_check,CekFakta API status=Salah; requires manual review,0,exact_duplicate,1.000000,cekfakta-36767
cekfakta-36752,Video Penemuan Jurnalis Hilang saat Liput Anak Krakatau,hoax,claim,CekFakta,https://cekfakta.com/focus/36752,2026-09-16,lainnya,fact_check,CekFakta API status=Salah; requires manual review,0,exact_duplicate,1.000000,cekfakta-36768
cekfakta-36774,Foto Rekrutmen Pegawai Koperasi Merah Putih,hoax,claim,CekFakta,https://cekfakta.com/focus/36774,2026-09-19,teknologi,fact_check,CekFakta API status=Salah; requires manual review,0,exact_duplicate,1.000000,turnbackhoax-36774
cekfakta-36775,Menkeu Suahasil Terlibat Korupsi Ratusan Triliun Rupiah,hoax,claim,CekFakta,https://cekfakta.com/focus/36775,2026-09-21,ekonomi,fact_check,CekFakta API status=Salah; requires manual review,0,exact_duplicate,1.000000,turnbackhoax-36775
cekfakta-36776,Kontak “Pendaftaran Dana Bantuan” dari Menkeu Suahasil Nazara,hoax,claim,CekFakta,https://cekfakta.com/focus/36776,2026-09-21,bantuan_sosial,fact_check,CekFakta API status=Salah; requires manual review,0,exact_duplicate,1.000000,turnbackhoax-36776
afp-B73R9ZQ,"Militer Iran kembali menembakkan rudal ke fasilitas militer Amerika yang berada di Kuwait,",hoax,claim,AFP Fact Check Indonesia,https://periksafakta.afp.com/doc.afp.com.B73R9ZQ,2026-06-17,teknologi,fact_check,AFP Periksa Fakta explicit false verdict; requires manual review,0,source_quota_exceeded,,
afp-B7LW9ZQ,"Momen menegangkan terekam saat gempa berkekuatan M7,8 mengguncang Filipina. Bagian penghubung dua gedung pencakar langit dilaporkan terlepas, menyebabkan kedua bangunan bergoyang hebat layaknya ayunan di tengah guncangan kuat yang melanda wilayah tersebut,",hoax,claim,AFP Fact Check Indonesia,https://periksafakta.afp.com/doc.afp.com.B7LW9ZQ,2026-06-22,bencana_cuaca,fact_check,AFP Periksa Fakta explicit false verdict; requires manual review,0,source_quota_exceeded,,
afp-B7LZ3CQ,"Haifa diguncang ledakan dahsyat saat rudal Iran menghantam Israel bagian utara,",hoax,claim,AFP Fact Check Indonesia,https://periksafakta.afp.com/doc.afp.com.B7LZ3CQ,2026-06-22,teknologi,fact_check,AFP Periksa Fakta explicit false verdict; requires manual review,0,source_quota_exceeded,,
afp-B7XY9CQ,Trump masuk dalam dokumen Epstein,hoax,claim,AFP Fact Check Indonesia,https://periksafakta.afp.com/doc.afp.com.B7XY9CQ,2026-06-24,teknologi,fact_check,AFP Periksa Fakta explicit false verdict; requires manual review,0,source_quota_exceeded,,
afp-B7YB9KF,"Kementerian Pertahanan Brigadir Jendral Saud Abdulaziz Al-Otaibi Mengatakan, Sistem Pertahanan Udara Kuwait Berhasil Mencegat Dan Menghancurkan Sejumlah Roket Milik Iran. Roket-Roket Tersebut Jatuh di Kawasan Perumahan Mengakibatkan Kerusakan Yang Signifikan,",hoax,claim,AFP Fact Check Indonesia,https://periksafakta.afp.com/doc.afp.com.B7YB9KF,2026-07-06,politik,fact_check,AFP Periksa Fakta explicit false verdict; requires manual review,0,source_quota_exceeded,,
afp-B8483CQ,"Yah kenapa Olive pohon meninggal,",hoax,claim,AFP Fact Check Indonesia,https://periksafakta.afp.com/doc.afp.com.B8483CQ,2026-06-25,teknologi,fact_check,AFP Periksa Fakta explicit false verdict; requires manual review,0,source_quota_exceeded,,
afp-B8M4269,"Gereja di Lebanon Selatan dirusak Israel, patung-patung ikut dihancurkan,",hoax,claim,AFP Fact Check Indonesia,https://periksafakta.afp.com/doc.afp.com.B8M4269,2026-06-30,teknologi,fact_check,AFP Periksa Fakta explicit false verdict; requires manual review,0,source_quota_exceeded,,
afp-B8VB3NQ,"Purbaya ganti MBG dengan tunai,",hoax,claim,AFP Fact Check Indonesia,https://periksafakta.afp.com/doc.afp.com.B8VB3NQ,2026-07-02,teknologi,fact_check,AFP Periksa Fakta explicit false verdict; requires manual review,0,source_quota_exceeded,,
afp-B8YW764,"Pelatih Korea Selatan jadi sorotan usai gagal Piala Dunia, wajahnya diblur layaknya pelaku kriminal,",hoax,claim,AFP Fact Check Indonesia,https://periksafakta.afp.com/doc.afp.com.B8YW764,2026-07-10,teknologi,fact_check,AFP Periksa Fakta explicit false verdict; requires manual review,0,source_quota_exceeded,,
afp-B8YX363,"Sekarang saya sudah instruksikan bahwa semua tingkatan sekolah-sekolah Indonesia harus belajar bermain Dota,",hoax,claim,AFP Fact Check Indonesia,https://periksafakta.afp.com/doc.afp.com.B8YX363,2026-07-02,teknologi,fact_check,AFP Periksa Fakta explicit false verdict; requires manual review,0,source_quota_exceeded,,
afp-B9CB89E,"Beredar sebuah kabar mengerikan dibalik kejadian gempa bumi dahsyat yang melanda Venezuela beberapa waktu yang lalu,dikabarkan setidaknya 15 menit sebelum kejadian gempa itu banyak penduduk menyaksikan kejadian aneh diatas langit Venezuela,seperti sinar laser yang terus bergerak yang seolah memetakan titik retakan bumi sebelum akhirnya diledakkan,",hoax,claim,AFP Fact Check Indonesia,https://periksafakta.afp.com/doc.afp.com.B9CB89E,2026-07-07,bencana_cuaca,fact_check,AFP Periksa Fakta explicit false verdict; requires manual review,0,source_quota_exceeded,,
afp-B9G67G3,"Erling Haaland lagi asyik makan dengan lahap sampai akhirnya tanpa sengaja melihat pantulan wajahnya di cermin. Seketika ekspresinya langsung berubah kaget, seolah baru sadar wajahnya sendiri,",hoax,claim,AFP Fact Check Indonesia,https://periksafakta.afp.com/doc.afp.com.B9G67G3,2026-07-10,teknologi,fact_check,AFP Periksa Fakta explicit false verdict; requires manual review,0,source_quota_exceeded,,
afp-B9TU69E,"Pemakaman Pemimpin Orang-orang Tertindas, sang syahid Sayyid Ali Khamenei,",hoax,claim,AFP Fact Check Indonesia,https://periksafakta.afp.com/doc.afp.com.B9TU69E,2026-07-13,teknologi,fact_check,AFP Periksa Fakta explicit false verdict; requires manual review,0,source_quota_exceeded,,
afp-B9UC4G7,"Momen erupsi Gunung Anak Krakatau yang terekam dari laut lepas. Berdasarkan siaran langsung dari Merak VTS per 3 Juli 2026, status Anak Krakatau saat ini berada di Level 3 (Siaga),",hoax,claim,AFP Fact Check Indonesia,https://periksafakta.afp.com/doc.afp.com.B9UC4G7,2026-07-14,bencana_cuaca,fact_check,AFP Periksa Fakta explicit false verdict; requires manual review,0,source_quota_exceeded,,
afp-C2487WE,"Bukan perubahan iklim atau emisi karbon, tapi Eropa dipanggang 5G,",hoax,claim,AFP Fact Check Indonesia,https://periksafakta.afp.com/doc.afp.com.C2487WE,2026-07-15,bencana_cuaca,fact_check,AFP Periksa Fakta explicit false verdict; requires manual review,0,source_quota_exceeded,,
afp-C2BL9WF,"DPR tidak mewakili rakyat, tapi wakil elit dan oligarki. DPR (Dewan Para Rentenir),",hoax,claim,AFP Fact Check Indonesia,https://periksafakta.afp.com/doc.afp.com.C2BL9WF,2026-07-16,politik,fact_check,AFP Periksa Fakta explicit false verdict; requires manual review,0,source_quota_exceeded,,
afp-C2Q88T3,"DPR resmi tolak pengesahan RUU Perampasan Aset yang diajukan Presiden Prabowo dalam rapat paripurna terakhir,",hoax,claim,AFP Fact Check Indonesia,https://periksafakta.afp.com/doc.afp.com.C2Q88T3,2026-07-22,politik,fact_check,AFP Periksa Fakta explicit false verdict; requires manual review,0,source_quota_exceeded,,
afp-C2UV6ZQ,"Bela Palestina, Yamal Ogah Salami Donald Trump,",hoax,claim,AFP Fact Check Indonesia,https://periksafakta.afp.com/doc.afp.com.C2UV6ZQ,2026-07-27,teknologi,fact_check,AFP Periksa Fakta explicit false verdict; requires manual review,0,source_quota_exceeded,,
afp-C2X29T3,"Serangan Iran terhadap gudang logistik bahan peledak milik AS di Arab,",hoax,claim,AFP Fact Check Indonesia,https://periksafakta.afp.com/doc.afp.com.C2X29T3,2026-07-24,teknologi,fact_check,AFP Periksa Fakta explicit false verdict; requires manual review,0,source_quota_exceeded,,
afp-C39H6WE,"Kendaraan mati pajak tak boleh isi BBM. Warga yang kesal bakar SPBU,",hoax,claim,AFP Fact Check Indonesia,https://periksafakta.afp.com/doc.afp.com.C39H6WE,2026-07-28,teknologi,fact_check,AFP Periksa Fakta explicit false verdict; requires manual review,0,source_quota_exceeded,,
bank_indonesia-sp_2817026,"Karya Kreatif Indonesia 2026: Generasi Muda Berkarya. No.28/170/DKom Generasi muda memiliki potensi besar sebagai penggerak inovasi, kewirausahaan, dan regenerasi UMKM Indonesia.. Survei Badan Pusat Statistik 2025 mencatat Gen-Z dan Milenial mencapai 49,27% dari 284,67 juta penduduk Indonesia.",valid,headline_and_primary_statement,Bank Indonesia,https://www.bi.go.id/id/publikasi/ruang-media/news-release/Pages/sp_2817026.aspx,2026-08-22,teknologi,primary_source,Official Bank Indonesia release; requires manual review,0,source_quota_exceeded,,
bmkg-bmkg-dan-pnj-rampungkan-buku-edukasi-tematik-berbasis-project-based-learning,"BMKG dan PNJ Rampungkan Buku Edukasi Tematik Berbasis Project-Based Learning. Badan Meteorologi, Klimatologi, dan Geofisika (BMKG) bersama Program Studi Desain Grafis Politeknik Negeri Jakarta (PNJ) mempresentasikan hasil akhir penyusunan buku edukasi tematik berbasis Project-Based Learning (PBL), pada pada Senin (29/6) di Kantor Pusat BMKG.. Kegiatan ini merupakan puncak dari kolaborasi yang telah berlangsung selama kurang lebih empat bulan sejak Februari 2026.",valid,headline_and_primary_statement,BMKG,https://www.bmkg.go.id/berita/kegiatan/bmkg-dan-pnj-rampungkan-buku-edukasi-tematik-berbasis-project-based-learning,2026-06-30,bencana_cuaca,primary_source,Official BMKG article; requires manual review,0,source_quota_exceeded,,
bmkg-bmkg-dan-tunisia-jajaki-kerjasama-operasi-modifikasi-cuaca,"BMKG dan Tunisia Jajaki Kerja Sama Operasi Modifikasi Cuaca. Kepala Badan Meteorologi, Klimatologi, dan Geofisika (BMKG) Dwikorita Karnawati menerima kunjungan Duta Besar Tunisia untuk Indonesia Mohamed Trabelsi di Gedung Pusat BMKG, Jakarta Pusat, Jumat (7/6).. Pada kesempatan ini, BMKG berbagi praktik baik Operasi Modifikasi Cuaca (OMC) yang dilakukan Indonesia dalam menghadapi laju perubahan iklim. “Dalam kasus kami, kami sangat terpengaruh oleh El Nino dan La Nina dari Kepulauan Pasifik Indonesia sehingga kita dapat membuat perencanaan prakiraan musim untuk kebutuhan para petani dan masyarakat,” kata Dwikorita.",valid,headline_and_primary_statement,BMKG,https://www.bmkg.go.id/berita/kegiatan-internasional/bmkg-dan-tunisia-jajaki-kerjasama-operasi-modifikasi-cuaca,2024-06-07,bencana_cuaca,primary_source,Official BMKG article; requires manual review,0,source_quota_exceeded,,
bmkg-bmkg-diy-dan-sma-taruna-nusantara-magelang-perkuat-sinergi-edukasi-kebencanaan-serta-sains-meteorologi-klimatologi-dan-geofisika,"BMKG DIY dan SMA Taruna Nusantara Magelang Perkuat Sinergi Edukasi Kebencanaan serta Sains Meteorologi, Klimatologi, dan Geofisika. BMKG D.I Yogyakarta (DIY) bersama SMA Taruna Nusantara Magelang memperkuat sinergi dalam peningkatan literasi kebencanaan serta pemahaman generasi muda terhadap bidang meteorologi, klimatologi, dan geofisika melalui penandatanganan Perjanjian Kerja Sama (PKS) dan pelaksanaan program BMKG Goes to School , Sabtu (15/8).. Kegiatan yang berlangsung di SMA Taruna Nusantara Magelang tersebut diikuti sekitar 1.200 peserta, yang terdiri atas siswa dan pamong SMA Taruna Nusantara.",valid,headline_and_primary_statement,BMKG,https://www.bmkg.go.id/berita/daerah/bmkg-diy-dan-sma-taruna-nusantara-magelang-perkuat-sinergi-edukasi-kebencanaan-serta-sains-meteorologi-klimatologi-dan-geofisika,2026-08-15,bencana_cuaca,primary_source,Official BMKG article; requires manual review,0,source_quota_exceeded,,
bmkg-bmkg-dukung-un-ocean-science-decade-dengan-penelitian-laut-dalam-bersama-ocean-x,"BMKG Dukung UN Ocean Science Decade (2021-2030) dengan Penelitian Laut Dalam Melalui Kegiatan Indonesia Exploration Mission (IEM) 2024 Bersama Ocean-X. Di Pelabuhan Teluk Bayur, Kota Padang, Sumatra Barat, Badan Meteorologi, Klimatologi, dan Geofisika (BMKG) memulai kegiatan penelitian Indonesia Exploration Mission (IEM) 2024 bersama Ocean-X.. Ocean X merupakan organisasi nirlaba global di sektor eksplorasi kelautan.",valid,headline_and_primary_statement,BMKG,https://www.bmkg.go.id/berita/kegiatan-internasional/bmkg-dukung-un-ocean-science-decade-dengan-penelitian-laut-dalam-bersama-ocean-x,2024-07-02,bencana_cuaca,primary_source,Official BMKG article; requires manual review,0,source_quota_exceeded,,
bmkg-bmkg-edukasi-ribuan-peserta-pramuka-tentang-cuaca-iklim-dan-mitigasi-bencana-di-jambore-nasional-xii-2026,"BMKG Edukasi Ribuan Peserta Pramuka tentang Cuaca, Iklim, dan Mitigasi Bencana di Jambore Nasional XII 2026. Badan Meteorologi, Klimatologi, dan Geofisika (BMKG) berpartisipasi dalam Jambore Nasional (Jamnas) XII Gerakan Pramuka Tahun 2026 melalui stan edukasi di zona Global Development Village (GDV) atau Kampung Pengembangan Berkelanjutan yang berlangsung di Bumi Perkemahan dan Graha Wisata (Buperta) Cibubur, Jakarta Timur, pada 13–20 Agustus 2026.. Partisipasi BMKG dalam kegiatan tersebut merupakan bagian dari upaya meningkatkan literasi kebencanaan, cuaca, serta adaptasi terhadap perubahan iklim kepada anggota Pramuka Penggalang melalui pendekatan edukatif dan interaktif.",valid,headline_and_primary_statement,BMKG,https://www.bmkg.go.id/berita/kegiatan/bmkg-edukasi-ribuan-peserta-pramuka-tentang-cuaca-iklim-dan-mitigasi-bencana-di-jambore-nasional-xii-2026,2026-08-20,bencana_cuaca,primary_source,Official BMKG article; requires manual review,0,source_quota_exceeded,,
bmkg-bmkg-hadiri-high-level-meeting-ktt-world-water-forum-ke-10-tekankan-solidaritas-global-dalam-tata-kelola-air,"BMKG Hadiri High Level Meeting KTT World Water Forum Ke-10, Tekankan Solidaritas Global dalam Tata Kelola Air. Kepala Badan Meteorologi Klimatologi dan Geofisika (BMKG) Dwikorita Karnawati menghadiri Pertemuan Tingkat Tinggi dalam Konferensi Tingkat Tinggi (KTT) World Water Forum ke-10 di Bali Nusa Dua Convention Center.. Pertemuan tersebut dibuka oleh Presiden Joko Widodo yang menekankan urgensi kerja sama global dalam mengelola sumber daya air untuk menghadapi tantangan yang semakin kompleks di masa depan.",valid,headline_and_primary_statement,BMKG,https://www.bmkg.go.id/berita/kegiatan-internasional/bmkg-hadiri-high-level-meeting-ktt-world-water-forum-ke-10-tekankan-solidaritas-global-dalam-tata-kelola-air,2024-05-20,politik,primary_source,Official BMKG article; requires manual review,0,source_quota_exceeded,,
bmkg-bmkg-menerima-kunjungan-delegasi-maldives-pelajari-teknologi-peringatan-dini-tsunami,"BMKG Menerima Kunjungan Delegasi Maldives, Pelajari Teknologi Peringatan Dini Tsunami. Badan Meteorologi, Klimatologi, dan Geofisika (BMKG) menerima kunjungan delegasi dari National Disaster Management Authority (NDMA) Maldives, Maldives Meteorological Service and Ministry of Construction and Infrastructure .. Kunjungan ini bertujuan untuk mempelajari konsep operasional, teknologi dan metode yang digunakan BMKG dalam membangun sistem peringatan dini tsunami.",valid,headline_and_primary_statement,BMKG,https://www.bmkg.go.id/berita/kegiatan-internasional/bmkg-menerima-kunjungan-delegasi-maldives-pelajari-teknologi-peringatan-dini-tsunami,2024-06-11,bencana_cuaca,primary_source,Official BMKG article; requires manual review,0,source_quota_exceeded,,
bmkg-bmkg-paparkan-perkembangan-el-nino-2026-sekda-diy-dorong-penguatan-impact-based-forecast,"BMKG Paparkan Perkembangan El Nino 2026, Sekda DIY Dorong Penguatan Impact-Based Forecast. BMKG Daerah Istimewa Yogyakarta (DIY) melaksanakan audiensi dengan Sekretaris Daerah (Sekda) DIY pada Rabu, (5/8) guna menyampaikan perkembangan terkini fenomena El Nino 2026 beserta potensi dampaknya terhadap berbagai sektor strategis di wilayah DIY.. Pertemuan tersebut menjadi bagian dari upaya memperkuat koordinasi antara BMKG dan Pemerintah Daerah dalam mendukung pengambilan kebijakan berbasis informasi meteorologi, klimatologi, dan geofisika.",valid,headline_and_primary_statement,BMKG,https://www.bmkg.go.id/berita/daerah/bmkg-paparkan-perkembangan-el-nino-2026-sekda-diy-dorong-penguatan-impact-based-forecast,2026-08-06,politik,primary_source,Official BMKG article; requires manual review,0,source_quota_exceeded,,
bmkg-bmkg-perkuat-ketahanan-iklim-masyarakat-di-indonesia-timur-melalui-kolaborasi-dengan-pemprov-ntt-dan-australia,"BMKG Perkuat Ketahanan Iklim Masyarakat di Indonesia Timur Melalui Kolaborasi dengan Pemprov NTT dan Australia. Kupang dan Makassar, Juni 2026 – Badan Meteorologi, Klimatologi, dan Geofisika (BMKG) terus menunjukkan komitmennya dalam memperkuat ketahanan iklim masyarakat di tengah tantangan perubahan iklim yang semakin nyata.. Sebagai bagian dari upaya tersebut, BMKG melalui Stasiun Klimatologi Nusa Tenggara Timur (NTT) bersama jejaring peneliti nasional dan internasional berkolaborasi dalam riset bertajuk Model of Future-Proofing for Climate Resilience by Engaging Communities (MoFCREC).",valid,headline_and_primary_statement,BMKG,https://www.bmkg.go.id/berita/daerah/bmkg-perkuat-ketahanan-iklim-masyarakat-di-indonesia-timur-melalui-kolaborasi-dengan-pemprov-ntt-dan-australia,2026-06-30,bencana_cuaca,primary_source,Official BMKG article; requires manual review,0,source_quota_exceeded,,
bmkg-bmkg-tekankan-tantangan-pengelolaan-sumber-daya-air-di-world-water-forum-ke-10-di-bali,"BMKG Tekankan Tantangan Pengelolaan Sumber Daya Air di World Water Forum ke-10 di Bali. Bali, (21/05) – Kepala Badan Meteorologi, Klimatologi, dan Geofisika (BMKG), Dwikorita Karnawati, menghadiri Pertemuan Tingkat Menteri dalam rangkaian kegiatan 10th World Water Forum yang berlangsung di Bali Nusa Dua Convention Center.. Dalam forum ini, BMKG mewakili Pemerintah Republik Indonesia kembali menyoroti tantangan nyata yang dihadapi dunia terkait pengelolaan sumber daya air, yang tidak lepas dari komitmen para pemangku kebijakan politik di seluruh negara yang terlibat. “Kesenjangan pengetahuan dan teknologi antar negara juga menjadi isu tersendiri yang harus segera diatasi bersama-sama,” ujar Dwikorita Karnawati.",valid,headline_and_primary_statement,BMKG,https://www.bmkg.go.id/berita/kegiatan-internasional/bmkg-tekankan-tantangan-pengelolaan-sumber-daya-air-di-world-water-forum-ke-10-di-bali,2024-05-22,politik,primary_source,Official BMKG article; requires manual review,0,source_quota_exceeded,,
bmkg-bmkg-tingkatkan-edukasi-publik-dan-dukungan-operasi-kemanusiaan-melalui-iisar-2026,"BMKG Tingkatkan Edukasi Publik dan Dukungan Operasi Kemanusiaan Melalui IISAR 2026. Tangerang, 9-12 Juli 2026 – Badan Meteorologi, Klimatologi, dan Geofisika (BMKG) turut berpartisipasi dalam ajang Indonesia International Search and Rescue (IISAR) 2026 yang berlangsung di Nusantara International Convention Exhibition (NICE), Pantai Indah Kapuk 2, Kabupaten Tangerang, Banten, pada 9-12 Juli 2026.. Keikutsertaan BMKG dalam forum internasional tersebut merupakan wujud komitmen BMKG dalam mendukung upaya kemanusiaan dan penguatan kesiapsiagaan bencana melalui penyediaan informasi meteorologi, klimatologi, geofisika, serta peringatan dini yang akurat dan tepat waktu.",valid,headline_and_primary_statement,BMKG,https://www.bmkg.go.id/berita/kegiatan/bmkg-tingkatkan-edukasi-publik-dan-dukungan-operasi-kemanusiaan-melalui-iisar-2026,2026-07-10,bencana_cuaca,primary_source,Official BMKG article; requires manual review,0,source_quota_exceeded,,
bmkg-bmkg-tuan-rumah-pertemuan-sc-mmo-iii-wmo-bahas-layanan-meteorologi-kelautan-global,"BMKG Tuan Rumah Pertemuan SC-MMO III WMO, Bahas Layanan Meteorologi Kelautan Global. Badan Meteorologi, Klimatologi, dan Geofisika (BMKG) menggelar Third Meeting of the Standing Committee on Marine Meteorological and Oceanographic Services (SC-MMO III) secara hybrid yang diikuti oleh 25 peserta yang terdiri lebih dari 12 negara/lembaga (termasuk Amerika Serikat, Swiss, Chile, Jerman, Australia, Antigua and Barbuda, Jepang, Canada, Denmark, dan Norway), 14 peserta hadir secara luring dan selebihnya hadir secara daring pada 7–9 Juli 2026 di Kantor Pusat BMKG, Jakarta.. Standing Committee on Marine Meteorological and Oceanographic Services (SC-MMO) merupakan komite di bawah World Meteorological Organization (WMO) yang bertanggung jawab mengarahkan pengembangan layanan meteorologi maritim, oseanografi, dan layanan pesisir di tingkat global.",valid,headline_and_primary_statement,BMKG,https://www.bmkg.go.id/berita/kegiatan-internasional/bmkg-tuan-rumah-pertemuan-sc-mmo-iii-wmo-bahas-layanan-meteorologi-kelautan-global,2026-07-08,bencana_cuaca,primary_source,Official BMKG article; requires manual review,0,source_quota_exceeded,,
bmkg-di-forum-wsis20-bmkg-paparkan-perkembangan-sistem-peringatan-dini-tsunami-terintegrasi,"Di Forum WSIS+20, BMKG Paparkan Perkembangan Sistem Peringatan Dini Tsunami Terintegrasi. Kepala Badan Meteorologi, Klimatologi, dan Geofisika (BMKG) Dwikorita Karnawati menjadi salah satu panelis dalam forum World Summit on the Information Society (WSIS)+20 yang digelar secara daring dengan tema “ Twenty Years After The Tsunami 2004: How Knowledge Transfer Could Improve Safety In Countries at Risk ”.. Acara ini berlangsung di Jenewa dan dihadiri oleh beberapa pakar Internasional, Kamis (30/05).",valid,headline_and_primary_statement,BMKG,https://www.bmkg.go.id/berita/kegiatan-internasional/di-forum-wsis20-bmkg-paparkan-perkembangan-sistem-peringatan-dini-tsunami-terintegrasi,2024-05-30,bencana_cuaca,primary_source,Official BMKG article; requires manual review,0,source_quota_exceeded,,
bmkg-hadiri-rakor-penanggulangan-karhutla-kabupaten-banjar-bmkg-dukung-penguatan-kesiapsiagaan-hadapi-musim-kemarau-2026,"Hadiri Rakor Penanggulangan Karhutla Kabupaten Banjar, BMKG Dukung Penguatan Kesiapsiagaan Hadapi Musim Kemarau 2026. Badan Meteorologi, Klimatologi, dan Geofisika (BMKG) melalui Stasiun Klimatologi Kalimantan Selatan terus memperkuat dukungan informasi iklim dalam upaya mitigasi bencana kebakaran hutan dan lahan (karhutla).. Hal tersebut diwujudkan melalui partisipasi aktif dalam Rapat Koordinasi Penanggulangan Kebakaran Hutan dan Lahan (Karhutla) Kabupaten Banjar Tahun 2026 yang diselenggarakan di Aula Putih Kantor Dinas Perumahan Rakyat, Kawasan Permukiman dan Lingkungan Hidup Kabupaten Banjar, Kamis (25/06/2026).",valid,headline_and_primary_statement,BMKG,https://www.bmkg.go.id/berita/daerah/hadiri-rakor-penanggulangan-karhutla-kabupaten-banjar-bmkg-dukung-penguatan-kesiapsiagaan-hadapi-musim-kemarau-2026,2026-06-25,bencana_cuaca,primary_source,Official BMKG article; requires manual review,0,source_quota_exceeded,,
bmkg-hadiri-the-78th-session-of-the-ec-78-wmo-kepala-bmkg-membawa-misi-memperkuat-posisi-indonesia-merumuskan-strategi-dan-kebijakan-wmo-terkait-layanan-informasi,"Hadiri “The 78th Session of The Executive Council (EC-78) WMO” Kepala BMKG Turut Andil Merumuskan Strategi dan Kebijakan WMO Terkait Layanan Informasi Cuaca dan Iklim. Geneva, Swiss, 14 Juni 2024 – Kepala Badan Meteorologi dan Klimatologi (BMKG) Dwikorita Karnawati sebagai salah satu Anggota Dewan Eksekutif World Meteorological Organization (WMO), menghadiri pertemuan “The 78th Session of The Executive Council (EC-78) WMO” di Geneva, Swiss.. Dwikorita beberapa kali menyampaikan intervensi dalam persidangan yang merumuskan strategi dan kebijakan WMO untuk pengembangan sistem peringatan dini multi bahaya ke semua pihak, juga untuk adaptasi dan mitigasi perubahan iklim. “Kami sangat ingin segera bekerja, berkolaborasi dan bekerjasama untuk keselamatan manusia dan kesejahteraan masyarakat di planet ini.”, ujar Dwikorita.",valid,headline_and_primary_statement,BMKG,https://www.bmkg.go.id/berita/kegiatan-internasional/hadiri-the-78th-session-of-the-ec-78-wmo-kepala-bmkg-membawa-misi-memperkuat-posisi-indonesia-merumuskan-strategi-dan-kebijakan-wmo-terkait-layanan-informasi,2024-06-14,bencana_cuaca,primary_source,Official BMKG article; requires manual review,0,source_quota_exceeded,,
bmkg-kepala-bmkg-buka-turnamen-mini-soccer-hmkg-ke-79-perkuat-soliditas-dan-kolaborasi-antarinsan-bmkg,"Kepala BMKG Buka Turnamen Mini Soccer HMKG ke-79, Perkuat Soliditas dan Kolaborasi Antarinsan BMKG. Kepala Badan Meteorologi, Klimatologi, dan Geofisika (BMKG), Teuku Faisal Fathani, secara resmi membuka Turnamen Mini Soccer dalam rangka Hari Meteorologi, Klimatologi, dan Geofisika (HMKG) ke-79 di Lapangan ASIOP ARCICI, Cempaka Putih, Rabu (29/7).. Pembukaan turnamen turut dihadiri Pejabat Pimpinan Tinggi Madya dan Pratama BMKG serta Direktur Seismologi Teknik, Geofisika Potensial, dan Tanda Waktu, Teguh Rahayu, selaku Pembina Cabang Olahraga Mini Soccer BMKG.",valid,headline_and_primary_statement,BMKG,https://www.bmkg.go.id/berita/kegiatan/kepala-bmkg-buka-turnamen-mini-soccer-hmkg-ke-79-perkuat-soliditas-dan-kolaborasi-antarinsan-bmkg,2026-07-30,bencana_cuaca,primary_source,Official BMKG article; requires manual review,0,source_quota_exceeded,,
bmkg-kepala-bmkg-di-unfccc-pengamatan-sistematis-dukung-analisis-dan-prediksi-iklim-yang-tepat,"Kepala BMKG di UNFCCC, Pengamatan Sistematis Dukung Analisis dan Prediksi Iklim yang Tepat. Kepala Badan Meteorologi, Klimatologi, dan Geofisika (BMKG), Dwikorita Karnawati, menjadi salah satu pembicara utama pada Ocean and Climate Change Dialogue 2024 yang diselenggarakan oleh United Nations Framework Convention on Climate Change (UNFCCC).. Dalam kesempatan ini, Dwikorita menekankan pentingnya pengamatan sistematis dalam memahami dan menghadapi tantangan perubahan iklim.",valid,headline_and_primary_statement,BMKG,https://www.bmkg.go.id/berita/kegiatan-internasional/kepala-bmkg-di-unfccc-pengamatan-sistematis-dukung-analisis-dan-prediksi-iklim-yang-tepat,2024-06-13,bencana_cuaca,primary_source,Official BMKG article; requires manual review,0,source_quota_exceeded,,
bmkg-kolaborasi-indonesia-dan-wmo-peran-vital-indonesia-dalam-iklim-global-serta-manajemen-air-berkelanjutan,"Kolaborasi Indonesia dan WMO: Peran Vital Indonesia dalam Iklim Global serta Manajemen Air Berkelanjutan. Kepala Badan Meteorologi, Klimatologi, dan Geofisika (BMKG), Dwikorita Karnawati menghadiri pertemuan bersama dengan Menteri PUPR yakni Basuki Hadimuljono dan Sekjen Badan Meteorologi Dunia (WMO).. Pertemuan yang diselenggarakan di Bali pada Minggu (19/5) tersebut menyoroti peran vital Indonesia dalam mendukung kebijakan WMO.",valid,headline_and_primary_statement,BMKG,https://www.bmkg.go.id/berita/kegiatan-internasional/kolaborasi-indonesia-dan-wmo-peran-vital-indonesia-dalam-iklim-global-serta-manajemen-air-berkelanjutan,2024-05-19,politik,primary_source,Official BMKG article; requires manual review,0,source_quota_exceeded,,
bmkg-komisi-a-dprd-diy-kunjungi-stasiun-geofisika-sleman-perkuat-sinergi-mitigasi-bencana-gempa-bumi,"Komisi A DPRD DIY Kunjungi Stasiun Geofisika Sleman, Perkuat Sinergi Mitigasi Bencana Gempa Bumi. Stasiun Geofisika Kelas I Sleman menerima kunjungan Pimpinan dan Anggota Komisi A Dewan Perwakilan Rakyat Daerah (DPRD) Daerah Istimewa Yogyakarta (DIY), Kamis (27/8).. Kunjungan tersebut dilaksanakan dalam rangka monitoring mitigasi dan penanggulangan bencana gempa bumi di wilayah DIY, sekaligus menjadi bagian dari penguatan koordinasi dalam menindaklanjuti rencana pembaruan Rancangan Peraturan Daerah (Raperda) tentang Penyelenggaraan Penanggulangan Bencana DIY.",valid,headline_and_primary_statement,BMKG,https://www.bmkg.go.id/berita/daerah/komisi-a-dprd-diy-kunjungi-stasiun-geofisika-sleman-perkuat-sinergi-mitigasi-bencana-gempa-bumi,2026-08-27,politik,primary_source,Official BMKG article; requires manual review,0,source_quota_exceeded,,
bmkg-latsar-cpns-berakhir-bmkg-tekankan-integritas-dan-kontribusi-nyata-generasi-muda,"Latsar CPNS Berakhir, BMKG Tekankan Integritas dan Kontribusi Nyata Generasi Muda. Badan Meteorologi, Klimatologi, dan Geofisika (BMKG) resmi menutup rangkaian Pelatihan Dasar (Latsar) Calon Pegawai Negeri Sipil (CPNS) Golongan III Angkatan XLVIII dan XLIX Tahun 2026, Kamis (27/8).. Para peserta yang merupakan lulusan Sekolah Tinggi Meteorologi Klimatologi dan Geofisika (STMKG) tersebut telah menyelesaikan seluruh rangkaian pembelajaran sebagai bagian dari tahapan awal dalam menjalankan tugas sebagai Aparatur Sipil Negara (ASN) di lingkungan BMKG.",valid,headline_and_primary_statement,BMKG,https://www.bmkg.go.id/berita/kegiatan/latsar-cpns-berakhir-bmkg-tekankan-integritas-dan-kontribusi-nyata-generasi-muda,2026-08-27,bencana_cuaca,primary_source,Official BMKG article; requires manual review,0,source_quota_exceeded,,
bmkg-liburan-berkunjung-ke-bmkg-serunya-mengenal-cuaca-dan-gempabumi-tsunami,"Liburan Berkunjung ke BMKG, Serunya Mengenal Cuaca dan Gempabumi-Tsunami. Badan Meteorologi, Klimatologi dan Geofisika (BMKG) kedatangan adik-adik dari Kembangi Kids Club.. Mereka diajak berkeliling BMKG untuk belajar mengenal cuaca dan juga gempabumi tsunami melalui berbagai kegiatan seru.",valid,headline_and_primary_statement,BMKG,https://www.bmkg.go.id/berita/kegiatan/liburan-berkunjung-ke-bmkg-serunya-mengenal-cuaca-dan-gempabumi-tsunami,2026-07-02,bencana_cuaca,primary_source,Official BMKG article; requires manual review,0,source_quota_exceeded,,
bmkg-penguatan-peran-indonesia-dalam-misi-ctbto-kepala-bmkg-buka-workshop-infrasonik-regional,"Penguatan Peran Indonesia dalam Misi CTBTO, Kepala BMKG Buka Workshop Infrasonik Regional. Kepala Badan Meteorologi, Klimatologi, dan Geofisika (BMKG), Dwikorita Karnawati, secara resmi membuka The Regional Infrasound Workshop And Integrated Training For South East Asia, The Pacific, And The Far East (SEAPFE) NDCs di Yogyakarta pada 01 Juli 2024.. Acara ini dihadiri oleh para profesional dan ahli dari berbagai negara, yang berkumpul untuk meningkatkan kemampuan pemantauan dan penerapan teknologi infrasonik dalam rangka mendukung misi Comprehensive Nuclear-Test-Ban Treaty Organization (CTBTO).",valid,headline_and_primary_statement,BMKG,https://www.bmkg.go.id/berita/kegiatan-internasional/penguatan-peran-indonesia-dalam-misi-ctbto-kepala-bmkg-buka-workshop-infrasonik-regional,2024-07-02,bencana_cuaca,primary_source,Official BMKG article; requires manual review,0,source_quota_exceeded,,
bmkg-sekolah-lapang-meteorologi-penerbangan-bekali-stakeholder-riau-pahami-informasi-cuaca,"Sekolah Lapang Meteorologi Penerbangan, Bekali Stakeholder Riau Pahami Informasi Cuaca. Stasiun Meteorologi Kelas I Sultan Syarif Kasim II Pekanbaru menyelenggarakan Sekolah Lapang Meteorologi Penerbangan (SLMP) Provinsi Riau Tahun 2026 sebagai wadah peningkatan pemahaman dan kompetensi stakeholder dalam memanfaatkan informasi meteorologi untuk mendukung keselamatan dan kelancaran operasional penerbangan.. Mengusung tema “Cuaca Akurat untuk Penerbangan yang Selamat”, kegiatan yang berlangsung pada 29–31 Agustus 2026 ini, diikuti 50 peserta dari berbagai instansi dan pemangku kepentingan penerbangan di Provinsi Riau.",valid,headline_and_primary_statement,BMKG,https://www.bmkg.go.id/berita/kegiatan/sekolah-lapang-meteorologi-penerbangan-bekali-stakeholder-riau-pahami-informasi-cuaca,2026-08-29,bencana_cuaca,primary_source,Official BMKG article; requires manual review,0,source_quota_exceeded,,
bmkg-sinergi-bmkg-dan-kemenkes-infobmkg-fondasi-dalam-mitigasi-krisis-kesehatan,"Sinergi BMKG dan Kemenkes: InfoBMKG Fondasi dalam Mitigasi Krisis Kesehatan. Badan Meteorologi, Klimatologi, dan Geofisika (BMKG) terus membuktikan komitmen untuk menjadi lembaga yang adaptif dan inovatif dalam memberikan informasi yang berdampak langsung bagi masyarakat.. Kesehatan menjadi salah satu sektor yang sangat bergantung pada kondisi alam, menuntut BMKG untuk menghadirkan solusi strategis demi keselamatan dan kesejahteraan publik.",valid,headline_and_primary_statement,BMKG,https://www.bmkg.go.id/berita/kegiatan/sinergi-bmkg-dan-kemenkes-infobmkg-fondasi-dalam-mitigasi-krisis-kesehatan,2026-07-29,bencana_cuaca,primary_source,Official BMKG article; requires manual review,0,source_quota_exceeded,,
bmkg-sinergi-bmkg-dan-pemkab-karangasem-wujudkan-optimalisasi-aset-negara,Sinergi BMKG dan Pemkab Karangasem Wujudkan Optimalisasi Aset Negara. Stasiun Geofisika Denpasar menggelar audiensi dengan Badan Pengelolaan Keuangan dan Aset Daerah (BPKAD) Kabupaten Karangasem pada Selasa (23/6).. Pertemuan tersebut membahas rencana hibah aset BMKG yang berada di eks Kantor Stasiun Geofisika Kahang Kahang.,valid,headline_and_primary_statement,BMKG,https://www.bmkg.go.id/berita/daerah/sinergi-bmkg-dan-pemkab-karangasem-wujudkan-optimalisasi-aset-negara,2026-06-29,bencana_cuaca,primary_source,Official BMKG article; requires manual review,0,source_quota_exceeded,,
bmkg-sinergi-bmkg-mendukung-ketahanan-pangan-melalui-sli-di-kabupaten-sintang,"Sinergi BMKG Mendukung Ketahanan Pangan Melalui SLI di Kabupaten Sintang. SINTANG — Stasiun Klimatologi Kalimantan Barat menggelar kegiatan Sekolah Lapang Iklim (SLI) Tematik Provinsi Kalbar Tahun 2026 di Kabupaten Sintang, Kamis (23/7/2026).. Langkah ini dilakukan untuk memperkuat literasi iklim para petani guna mendongkrak ketahanan dan kemandirian pangan daerah.",valid,headline_and_primary_statement,BMKG,https://www.bmkg.go.id/berita/daerah/sinergi-bmkg-mendukung-ketahanan-pangan-melalui-sli-di-kabupaten-sintang,2026-07-24,bencana_cuaca,primary_source,Official BMKG article; requires manual review,0,source_quota_exceeded,,
bmkg-stasiun-geofisika-sleman-dan-smkn-1-temon-tandatangani-pks-perkuat-edukasi-kebencanaan-bagi-generasi-muda,"Stasiun Geofisika Sleman dan SMKN 1 Temon Tandatangani PKS, Perkuat Edukasi Kebencanaan bagi Generasi Muda. Komitmen membangun generasi muda yang kompeten sekaligus tangguh menghadapi bencana terus diwujudkan Stasiun Geofisika Sleman BMKG.. Komitmen tersebut diwujudkan melalui penandatanganan Perjanjian Kerja Sama (PKS) dengan SMKN 1 Temon yang dirangkaikan dengan serah terima siswa magang dan kegiatan BMKG Goes to School , Senin (3/8).",valid,headline_and_primary_statement,BMKG,https://www.bmkg.go.id/berita/daerah/stasiun-geofisika-sleman-dan-smkn-1-temon-tandatangani-pks-perkuat-edukasi-kebencanaan-bagi-generasi-muda,2026-08-03,bencana_cuaca,primary_source,Official BMKG article; requires manual review,0,source_quota_exceeded,,
bmkg-terima-kunjungan-delegasi-filipina-perdalam-sistem-peringatan-dini-yang-dibangun-bmkg,"Terima Kunjungan Delegasi Filipina, Perdalam Sistem Peringatan Dini yang Dibangun BMKG. Badan Meteorologi, Klimatologi, dan Geofisika (BMKG) menerima kunjungan resmi dari delegasi Kantor Pertahanan Sipil Filipina pada hari ini.. Kunjungan ini difokuskan pada Disaster Risk Reduction and Management atau Pengurangan dan Penanggulangan Risiko Bencana (DRRM) dan bertujuan untuk memperdalam pemahaman tentang mekanisme peringatan dini serta sistem DRRM yang dikembangkan BMKG.",valid,headline_and_primary_statement,BMKG,https://www.bmkg.go.id/berita/kegiatan-internasional/terima-kunjungan-delegasi-filipina-perdalam-sistem-peringatan-dini-yang-dibangun-bmkg,2024-06-19,bencana_cuaca,primary_source,Official BMKG article; requires manual review,0,source_quota_exceeded,,
cekfakta-36673,Hoaks Presiden Prabowo Minta Warung di Desa Ditutup Agar Masyarakat Belanja di Kopdes,hoax,claim,CekFakta,https://cekfakta.com/focus/36673,2026-09-15,politik,fact_check,CekFakta API status=Salah; requires manual review,0,source_quota_exceeded,,
cekfakta-36674,Hoaks Video Menteri P2MI Umumkan Dana Bantuan untuk Pekerja Migran,hoax,claim,CekFakta,https://cekfakta.com/focus/36674,2026-09-15,politik,fact_check,CekFakta API status=Salah; requires manual review,0,source_quota_exceeded,,
cekfakta-36675,Hoaks Dapur SPPG di NTB Dibakar Massa karena Sebabkan Keracunan,hoax,claim,CekFakta,https://cekfakta.com/focus/36675,2026-09-15,lainnya,fact_check,CekFakta API status=Salah; requires manual review,0,source_quota_exceeded,,
cekfakta-36763,Megawati Sebut Dedi Mulyadi Belum Siap Jadi Presiden,hoax,claim,CekFakta,https://cekfakta.com/focus/36763,2026-09-14,politik,fact_check,CekFakta API status=Salah; requires manual review,0,source_quota_exceeded,,
turnbackhoax-36519,Tautan Undian Berhadiah Bank Riau Kepri (BRK) Syariah 2026,hoax,claim,TurnBackHoax / MAFINDO,https://turnbackhoax.id/articles/36519-penipuan-tautan-undian-berhadiah-bank-riau-kepri-brk-syariah-2026,2026-09-02,ekonomi,fact_check,ClaimReview verdict=Salah; requires manual review,0,source_quota_exceeded,,
turnbackhoax-36520,Bayi di Jepara Meninggal Usai Imunisasi DPT,hoax,claim,TurnBackHoax / MAFINDO,https://turnbackhoax.id/articles/36520-salah-bayi-di-jepara-meninggal-usai-imunisasi-dpt,2026-09-02,teknologi,fact_check,ClaimReview verdict=Salah; requires manual review,0,source_quota_exceeded,,
turnbackhoax-36521,"Mau Hemat Dana, Pemerintah Tolak Keluarkan Anggaran Penanganan Karhutla",hoax,claim,TurnBackHoax / MAFINDO,https://turnbackhoax.id/articles/36521-salah-mau-hemat-dana-pemerintah-tolak-keluarkan-anggaran-penanganan-karhutla,2026-09-02,politik,fact_check,ClaimReview verdict=Salah; requires manual review,0,source_quota_exceeded,,
turnbackhoax-36544,Pulau Menjangan Kecil Dijual Rp500 Miliar,hoax,claim,TurnBackHoax / MAFINDO,https://turnbackhoax.id/articles/36544-salah-pulau-menjangan-kecil-dijual-rp500-miliar,2026-09-03,lainnya,fact_check,ClaimReview verdict=Salah; requires manual review,0,source_quota_exceeded,,
turnbackhoax-36545,Tautan Pendaftaran Sekolah Kedinasan 2026,hoax,claim,TurnBackHoax / MAFINDO,https://turnbackhoax.id/articles/36545-penipuan-tautan-pendaftaran-sekolah-kedinasan-2026,2026-09-03,lainnya,fact_check,ClaimReview verdict=Salah; requires manual review,0,source_quota_exceeded,,
turnbackhoax-36546,Video “Sri Mulyani Tawarkan Modal Usaha dan Pelunasan Utang”,hoax,claim,TurnBackHoax / MAFINDO,https://turnbackhoax.id/articles/36546-penipuan-video-sri-mulyani-tawarkan-modal-usaha-dan-pelunasan-utang,2026-09-03,ekonomi,fact_check,ClaimReview verdict=Salah; requires manual review,0,source_quota_exceeded,,
turnbackhoax-36547,Wayan Koster Bagi-Bagi Dana Bantuan,hoax,claim,TurnBackHoax / MAFINDO,https://turnbackhoax.id/articles/36547-penipuan-wayan-koster-bagi-bagi-dana-bantuan,2026-09-03,bantuan_sosial,fact_check,ClaimReview verdict=Salah; requires manual review,0,source_quota_exceeded,,
turnbackhoax-36560,Tautan Undian Berhadiah Bank Sumsel Babel 2026,hoax,claim,TurnBackHoax / MAFINDO,https://turnbackhoax.id/articles/36560-penipuan-tautan-undian-berhadiah-bank-sumsel-babel-2026,2026-09-04,ekonomi,fact_check,ClaimReview verdict=Salah; requires manual review,0,source_quota_exceeded,,
turnbackhoax-36561,"Tautan Pendaftaran Lowongan Damkar, Satpol PP, dan Dishub 2026",hoax,claim,TurnBackHoax / MAFINDO,https://turnbackhoax.id/articles/36561-penipuan-tautan-pendaftaran-lowongan-damkar-satpol-pp-dan-dishub-2026,2026-09-04,lainnya,fact_check,ClaimReview verdict=Salah; requires manual review,0,source_quota_exceeded,,
turnbackhoax-36562,Tautan Pendaftaran Magang Setjen DPR RI 2026,hoax,claim,TurnBackHoax / MAFINDO,https://turnbackhoax.id/articles/36562-penipuan-tautan-pendaftaran-magang-setjen-dpr-ri-2026,2026-09-04,politik,fact_check,ClaimReview verdict=Salah; requires manual review,0,source_quota_exceeded,,
turnbackhoax-36563,Tautan Pendaftaran Lowongan Kerja Yupi Indo Jelly Gum,hoax,claim,TurnBackHoax / MAFINDO,https://turnbackhoax.id/articles/36563-penipuan-tautan-pendaftaran-lowongan-kerja-yupi-indo-jelly-gum,2026-09-04,lainnya,fact_check,ClaimReview verdict=Salah; requires manual review,0,source_quota_exceeded,,
turnbackhoax-36564,Tautan Undian Berhadiah Wondr BNI,hoax,claim,TurnBackHoax / MAFINDO,https://turnbackhoax.id/articles/36564-penipuan-tautan-undian-berhadiah-wondr-bni,2026-09-04,lainnya,fact_check,ClaimReview verdict=Salah; requires manual review,0,source_quota_exceeded,,
turnbackhoax-36571,Pendaftaran Dana Bantuan dari Menteri Pendidikan,hoax,claim,TurnBackHoax / MAFINDO,https://turnbackhoax.id/articles/36571-penipuan-pendaftaran-dana-bantuan-dari-menteri-pendidikan,2026-09-05,politik,fact_check,ClaimReview verdict=Salah; requires manual review,0,source_quota_exceeded,,
turnbackhoax-36572,Pendaftaran Bantuan Dana Presiden,hoax,claim,TurnBackHoax / MAFINDO,https://turnbackhoax.id/articles/36572-penipuan-pendaftaran-bantuan-dana-presiden,2026-09-06,politik,fact_check,ClaimReview verdict=Salah; requires manual review,0,source_quota_exceeded,,
turnbackhoax-36573,Sejumlah Santri di Sidoarjo Meninggal Akibat MBG,hoax,claim,TurnBackHoax / MAFINDO,https://turnbackhoax.id/articles/36573-salah-sejumlah-santri-di-sidoarjo-meninggal-akibat-mbg,2026-09-07,lainnya,fact_check,ClaimReview verdict=Salah; requires manual review,0,source_quota_exceeded,,
turnbackhoax-36574,Rombongan Aksi 27 Agustus 2026 Terima Bingkisan dari Polisi,hoax,claim,TurnBackHoax / MAFINDO,https://turnbackhoax.id/articles/36574-salah-rombongan-aksi-27-agustus-2026-terima-bingkisan-dari-polisi,2026-09-07,keamanan,fact_check,ClaimReview verdict=Salah; requires manual review,0,source_quota_exceeded,,
turnbackhoax-36575,Bantuan Pemerintah untuk Rakyat Umur 40-70 Tahun,hoax,claim,TurnBackHoax / MAFINDO,https://turnbackhoax.id/articles/36575-penipuan-bantuan-pemerintah-untuk-rakyat-umur-40-70-tahun,2026-09-07,politik,fact_check,ClaimReview verdict=Salah; requires manual review,0,source_quota_exceeded,,
turnbackhoax-36576,Kontak “Pendaftaran Dana Bantuan” dari Menko Airlangga,hoax,claim,TurnBackHoax / MAFINDO,https://turnbackhoax.id/articles/36576-penipuan-kontak-pendaftaran-dana-bantuan-dari-menko-airlangga,2026-09-07,bantuan_sosial,fact_check,ClaimReview verdict=Salah; requires manual review,0,source_quota_exceeded,,
turnbackhoax-36577,Vaksin Cacar Air Sebabkan Pandemi Shingles,hoax,claim,TurnBackHoax / MAFINDO,https://turnbackhoax.id/articles/36577-salah-vaksin-cacar-air-sebabkan-pandemi-shingles,2026-09-07,kesehatan,fact_check,ClaimReview verdict=Salah; requires manual review,0,source_quota_exceeded,,
turnbackhoax-36582,Kebakaran Hutan Kalimantan Merambat ke Permukiman Brunei Darussalam,hoax,claim,TurnBackHoax / MAFINDO,https://turnbackhoax.id/articles/36582-salah-kebakaran-hutan-kalimantan-merambat-ke-permukiman-brunei-darussalam,2026-09-08,lainnya,fact_check,ClaimReview verdict=Salah; requires manual review,0,source_quota_exceeded,,
turnbackhoax-36585,"Hotel Shangri-La Surabaya Dijual Rp2,3 T",hoax,claim,TurnBackHoax / MAFINDO,https://turnbackhoax.id/articles/36585-salah-hotel-shangri-la-surabaya-dijual-rp2-3-t,2026-09-08,lainnya,fact_check,ClaimReview verdict=Salah; requires manual review,0,source_quota_exceeded,,
turnbackhoax-36586,Tautan Lowongan Kerja Deloitte Indonesia,hoax,claim,TurnBackHoax / MAFINDO,https://turnbackhoax.id/articles/36586-penipuan-tautan-lowongan-kerja-deloitte-indonesia,2026-09-08,lainnya,fact_check,ClaimReview verdict=Salah; requires manual review,0,source_quota_exceeded,,
turnbackhoax-36589,Kontak “Pendaftaran Bantuan dari Bank Indonesia”,hoax,claim,TurnBackHoax / MAFINDO,https://turnbackhoax.id/articles/36589-penipuan-kontak-pendaftaran-bantuan-dari-bank-indonesia,2026-09-09,ekonomi,fact_check,ClaimReview verdict=Salah; requires manual review,0,source_quota_exceeded,,
turnbackhoax-36590,Erupsi Gunung di Indonesia Berkaitan dengan HAARP,hoax,claim,TurnBackHoax / MAFINDO,https://turnbackhoax.id/articles/36590-salah-erupsi-gunung-di-indonesia-berkaitan-dengan-haarp,2026-09-09,bencana_cuaca,fact_check,ClaimReview verdict=Salah; requires manual review,0,source_quota_exceeded,,
turnbackhoax-36595,Perbatasan RI-Malaysia Resmi Ditutup karena Pilot Malaysia Selundupkan Narkoba,hoax,claim,TurnBackHoax / MAFINDO,https://turnbackhoax.id/articles/36595-salah-perbatasan-ri-malaysia-resmi-ditutup-karena-pilot-malaysia-selundupkan-narkoba,2026-09-09,lainnya,fact_check,ClaimReview verdict=Salah; requires manual review,0,source_quota_exceeded,,
turnbackhoax-36596,World Bank: Indonesia Negara Berkembang Termiskin di Dunia Tahun 2026,hoax,claim,TurnBackHoax / MAFINDO,https://turnbackhoax.id/articles/36596-salah-world-bank-indonesia-negara-berkembang-termiskin-di-dunia-tahun-2026,2026-09-09,ekonomi,fact_check,ClaimReview verdict=Salah; requires manual review,0,source_quota_exceeded,,
turnbackhoax-36597,Video Megawati Membagikan Dana Bantuan Modal Usaha,hoax,claim,TurnBackHoax / MAFINDO,https://turnbackhoax.id/articles/36597-penipuan-video-megawati-membagikan-dana-bantuan-modal-usaha,2026-09-10,bantuan_sosial,fact_check,ClaimReview verdict=Salah; requires manual review,0,source_quota_exceeded,,
turnbackhoax-36598,"Prabowo Tetapkan 30 September Libur Nasional, Kenang G30S/PKI",hoax,claim,TurnBackHoax / MAFINDO,https://turnbackhoax.id/articles/36598-salah-prabowo-tetapkan-30-september-libur-nasional-kenang-g30s-pki,2026-09-10,lainnya,fact_check,ClaimReview verdict=Salah; requires manual review,0,source_quota_exceeded,,
turnbackhoax-36603,Anies Baswedan Menolak RUU Perampasan Aset,hoax,claim,TurnBackHoax / MAFINDO,https://turnbackhoax.id/articles/36603-salah-anies-baswedan-menolak-ruu-perampasan-aset,2026-09-10,lainnya,fact_check,ClaimReview verdict=Salah; requires manual review,0,source_quota_exceeded,,
turnbackhoax-36604,Zulhas Temukan Bukti MBG Sengaja Diracun Pihak Oposisi,hoax,claim,TurnBackHoax / MAFINDO,https://turnbackhoax.id/articles/36604-salah-zulhas-temukan-bukti-mbg-sengaja-diracun-pihak-oposisi,2026-09-10,lainnya,fact_check,ClaimReview verdict=Salah; requires manual review,0,source_quota_exceeded,,
turnbackhoax-36606,Imbauan untuk Tidak Menampung Air Hujan karena Operasi Modifikasi Cuaca,hoax,claim,TurnBackHoax / MAFINDO,https://turnbackhoax.id/articles/36606-salah-imbauan-untuk-tidak-menampung-air-hujan-karena-operasi-modifikasi-cuaca,2026-09-10,bencana_cuaca,fact_check,ClaimReview verdict=Salah; requires manual review,0,source_quota_exceeded,,
turnbackhoax-36610,Darurat Tsunami di Pesisir Banten dan Lampung akibat Erupsi Gunung Anak Krakatau,hoax,claim,TurnBackHoax / MAFINDO,https://turnbackhoax.id/articles/36610-salah-darurat-tsunami-di-pesisir-banten-dan-lampung-akibat-erupsi-gunung-anak-krakatau,2026-09-11,bencana_cuaca,fact_check,ClaimReview verdict=Salah; requires manual review,0,source_quota_exceeded,,
turnbackhoax-36612,Tautan Pendaftaran Lowongan Indosat Ooredoo,hoax,claim,TurnBackHoax / MAFINDO,https://turnbackhoax.id/articles/36612-penipuan-tautan-pendaftaran-lowongan-indosat-ooredoo,2026-09-11,lainnya,fact_check,ClaimReview verdict=Salah; requires manual review,0,source_quota_exceeded,,
turnbackhoax-36613,Tautan Pendaftaran Magang di Kementerian Keuangan,hoax,claim,TurnBackHoax / MAFINDO,https://turnbackhoax.id/articles/36613-penipuan-tautan-pendaftaran-magang-di-kementerian-keuangan,2026-09-11,politik,fact_check,ClaimReview verdict=Salah; requires manual review,0,source_quota_exceeded,,
turnbackhoax-36621,Tautan Pendaftaran Beasiswa Unggulan 2026 dari Kemendikdasmen,hoax,claim,TurnBackHoax / MAFINDO,https://turnbackhoax.id/articles/36621-penipuan-tautan-pendaftaran-beasiswa-unggulan-2026-dari-kemendikdasmen,2026-09-12,lainnya,fact_check,ClaimReview verdict=Salah; requires manual review,0,source_quota_exceeded,,
turnbackhoax-36622,"Video &quot;Gempa Susulan Guncang Pulau Flores M 5,8&quot;",hoax,claim,TurnBackHoax / MAFINDO,https://turnbackhoax.id/articles/36622-salah-video-gempa-susulan-guncang-pulau-flores-m-5-8,2026-09-12,bencana_cuaca,fact_check,ClaimReview verdict=Salah; requires manual review,0,source_quota_exceeded,,
turnbackhoax-36641,Tautan Lowongan Kerja Djarum Group,hoax,claim,TurnBackHoax / MAFINDO,https://turnbackhoax.id/articles/36641-penipuan-tautan-lowongan-kerja-djarum-group,2026-09-12,lainnya,fact_check,ClaimReview verdict=Salah; requires manual review,0,source_quota_exceeded,,
turnbackhoax-36644,Informasi &quot;Pendaftaran Dana Pensiunan&quot; dari Mahfud MD,hoax,claim,TurnBackHoax / MAFINDO,https://turnbackhoax.id/articles/36644-penipuan-informasi-pendaftaran-dana-pensiunan-dari-mahfud-md,2026-09-13,lainnya,fact_check,ClaimReview verdict=Salah; requires manual review,0,source_quota_exceeded,,
turnbackhoax-36645,Tautan Lowongan Kerja Cap Lang,hoax,claim,TurnBackHoax / MAFINDO,https://turnbackhoax.id/articles/36645-penipuan-tautan-lowongan-kerja-cap-lang,2026-09-14,lainnya,fact_check,ClaimReview verdict=Salah; requires manual review,0,source_quota_exceeded,,
turnbackhoax-36647,Email Rekrutmen Indonesia Weda Bay Industrial Park,hoax,claim,TurnBackHoax / MAFINDO,https://turnbackhoax.id/articles/36647-penipuan-email-rekrutmen-indonesia-weda-bay-industrial-park,2026-09-14,teknologi,fact_check,ClaimReview verdict=Salah; requires manual review,0,source_quota_exceeded,,
